<?xml version="1.0" encoding="utf-8" standalone="yes"?>
<DataFile>
    <FileHeader>
        <TimeStamp>2017-09-12T17:54:05.139+08:00</TimeStamp>
        <TimeZone>UTC+8</TimeZone>
        <VendorName>PT</VendorName>
        <ElementType>PTN</ElementType>
        <CmVersion>V1.0.0</CmVersion>
    </FileHeader>
    <Objects>
        <ObjectType>PWT</ObjectType>
        <FieldName>
            <N i="1">rmUID</N>
            <N i="2">tunnelrmUID</N>
            <N i="3">routingGroup</N>
            <N i="4">number</N>
        </FieldName>
        <FieldValue>
            <Object rmUID="3201PTCS1PSW1504836983891">
                <V i="1">3201PTCS1PSW1504836983891</V>
                <V i="2">3201PTCS1TNL13</V>
                <V i="3">1</V>
                <V i="4">1</V>
            </Object>
            <Object rmUID="3201PTCS1PSW1504849481495">
                <V i="1">3201PTCS1PSW1504849481495</V>
                <V i="2">3201PTCS1TNL1</V>
                <V i="3">1</V>
                <V i="4">1</V>
            </Object>
            <Object rmUID="3201PTCS1PSW1504849481596">
                <V i="1">3201PTCS1PSW1504849481596</V>
                <V i="2">3201PTCS1TNL4</V>
                <V i="3">1</V>
                <V i="4">1</V>
            </Object>
            <Object rmUID="3201PTCS1PSW1504849481687">
                <V i="1">3201PTCS1PSW1504849481687</V>
                <V i="2">3201PTCS1TNL6</V>
                <V i="3">1</V>
                <V i="4">1</V>
            </Object>
            <Object rmUID="3201PTCS1PSW1504849481788">
                <V i="1">3201PTCS1PSW1504849481788</V>
                <V i="2">3201PTCS1TNL11</V>
                <V i="3">1</V>
                <V i="4">1</V>
            </Object>
            <Object rmUID="3201PTCS1PSW1504849481889">
                <V i="1">3201PTCS1PSW1504849481889</V>
                <V i="2">3201PTCS1TNL5</V>
                <V i="3">1</V>
                <V i="4">1</V>
            </Object>
            <Object rmUID="3201PTCS1PSW1504849481990">
                <V i="1">3201PTCS1PSW1504849481990</V>
                <V i="2">3201PTCS1TNL5</V>
                <V i="3">1</V>
                <V i="4">1</V>
            </Object>
            <Object rmUID="3201PTCS1PSW1504849482091">
                <V i="1">3201PTCS1PSW1504849482091</V>
                <V i="2">3201PTCS1TNL14</V>
                <V i="3">1</V>
                <V i="4">1</V>
            </Object>
            <Object rmUID="3201PTCS1PSW1504849482192">
                <V i="1">3201PTCS1PSW1504849482192</V>
                <V i="2">3201PTCS1TNL11</V>
                <V i="3">1</V>
                <V i="4">1</V>
            </Object>
            <Object rmUID="3201PTCS1PSW1504849482293">
                <V i="1">3201PTCS1PSW1504849482293</V>
                <V i="2">3201PTCS1TNL7</V>
                <V i="3">1</V>
                <V i="4">1</V>
            </Object>
            <Object rmUID="3201PTCS1PSW1504849482394">
                <V i="1">3201PTCS1PSW1504849482394</V>
                <V i="2">3201PTCS1TNL6</V>
                <V i="3">1</V>
                <V i="4">1</V>
            </Object>
            <Object rmUID="3201PTCS1PSW1504849482495">
                <V i="1">3201PTCS1PSW1504849482495</V>
                <V i="2">3201PTCS1TNL6</V>
                <V i="3">1</V>
                <V i="4">1</V>
            </Object>
            <Object rmUID="3201PTCS1PSW1504849482596">
                <V i="1">3201PTCS1PSW1504849482596</V>
                <V i="2">3201PTCS1TNL7</V>
                <V i="3">1</V>
                <V i="4">1</V>
            </Object>
            <Object rmUID="3201PTCS1PSW1504849482697">
                <V i="1">3201PTCS1PSW1504849482697</V>
                <V i="2">3201PTCS1TNL11</V>
                <V i="3">1</V>
                <V i="4">1</V>
            </Object>
            <Object rmUID="3201PTCS1PSW1504849482798">
                <V i="1">3201PTCS1PSW1504849482798</V>
                <V i="2">3201PTCS1TNL4</V>
                <V i="3">1</V>
                <V i="4">1</V>
            </Object>
            <Object rmUID="3201PTCS1PSW1504849482899">
                <V i="1">3201PTCS1PSW1504849482899</V>
                <V i="2">3201PTCS1TNL6</V>
                <V i="3">1</V>
                <V i="4">1</V>
            </Object>
            <Object rmUID="3201PTCS1PSW1504849483000">
                <V i="1">3201PTCS1PSW1504849483000</V>
                <V i="2">3201PTCS1TNL11</V>
                <V i="3">1</V>
                <V i="4">1</V>
            </Object>
            <Object rmUID="3201PTCS1PSW1504939792218">
                <V i="1">3201PTCS1PSW1504939792218</V>
                <V i="2">3201PTCS1TNL19</V>
                <V i="3">1</V>
                <V i="4">1</V>
            </Object>
            <Object rmUID="3201PTCS1PSW1504939932943">
                <V i="1">3201PTCS1PSW1504939932943</V>
                <V i="2">3201PTCS1TNL9</V>
                <V i="3">1</V>
                <V i="4">1</V>
            </Object>
            <Object rmUID="3201PTCS1PSW1504940009052">
                <V i="1">3201PTCS1PSW1504940009052</V>
                <V i="2">3201PTCS1TNL16</V>
                <V i="3">1</V>
                <V i="4">1</V>
            </Object>
            <Object rmUID="3201PTCS1PSW1504942013444">
                <V i="1">3201PTCS1PSW1504942013444</V>
                <V i="2">3201PTCS1TNL20</V>
                <V i="3">1</V>
                <V i="4">1</V>
            </Object>
            <Object rmUID="3201PTCS1PSW1504948044556">
                <V i="1">3201PTCS1PSW1504948044556</V>
                <V i="2">3201PTCS1TNL16</V>
                <V i="3">1</V>
                <V i="4">1</V>
            </Object>
            <Object rmUID="3201PTCS1PSW1505120191755">
                <V i="1">3201PTCS1PSW1505120191755</V>
                <V i="2">3201PTCS1TNL4</V>
                <V i="3">1</V>
                <V i="4">1</V>
            </Object>
            <Object rmUID="3201PTCS1PSW1505203160286">
                <V i="1">3201PTCS1PSW1505203160286</V>
                <V i="2">3201PTCS1TNL24</V>
                <V i="3">1</V>
                <V i="4">1</V>
            </Object>
            <Object rmUID="3201PTCS1PSW1505209337583">
                <V i="1">3201PTCS1PSW1505209337583</V>
                <V i="2">3201PTCS1TNL24</V>
                <V i="3">1</V>
                <V i="4">1</V>
            </Object>
        </FieldValue>
    </Objects>
</DataFile>
