<?xml version="1.0" encoding="utf-8" standalone="yes"?>
<DataFile>
    <FileHeader>
        <TimeStamp>2017-09-12T17:54:05.037+08:00</TimeStamp>
        <TimeZone>UTC+8</TimeZone>
        <VendorName>PT</VendorName>
        <ElementType>PTN</ElementType>
        <CmVersion>V1.0.0</CmVersion>
    </FileHeader>
    <Objects>
        <ObjectType>TPI</ObjectType>
        <FieldName>
            <N i="1">rmUID</N>
            <N i="2">nativeName</N>
            <N i="3">reversionMode</N>
            <N i="4">type</N>
        </FieldName>
        <FieldValue>
            <Object rmUID="3201PTCS1TPI19">
                <V i="1">3201PTCS1TPI19</V>
                <V i="2">1比12</V>
                <V i="3">RM_REVERTIVE</V>
                <V i="4">1:1</V>
            </Object>
            <Object rmUID="3201PTCS1TPI22">
                <V i="1">3201PTCS1TPI22</V>
                <V i="2">Tunnel55-NE6-10011079007-1505120753300</V>
                <V i="3">RM_REVERTIVE</V>
                <V i="4">1:1</V>
            </Object>
            <Object rmUID="3201PTCS1TPI23">
                <V i="1">3201PTCS1TPI23</V>
                <V i="2">lsp1比1-67</V>
                <V i="3">RM_REVERTIVE</V>
                <V i="4">1:1</V>
            </Object>
        </FieldValue>
    </Objects>
</DataFile>
