<?xml version="1.0" encoding="utf-8" standalone="yes"?>
<DataFile>
    <FileHeader>
        <TimeStamp>2017-09-12T17:54:05.518+08:00</TimeStamp>
        <TimeZone>UTC+8</TimeZone>
        <VendorName>PT</VendorName>
        <ElementType>PTN</ElementType>
        <CmVersion>V1.0.0</CmVersion>
    </FileHeader>
    <Objects>
        <ObjectType>TDM</ObjectType>
        <FieldName>
            <N i="1">rmUID</N>
            <N i="2">nativeName</N>
            <N i="3">rate</N>
            <N i="4">direction</N>
            <N i="5">activeState</N>
            <N i="6">owner</N>
            <N i="7">owneSserviceType</N>
            <N i="8">aEnd1TprmUID</N>
            <N i="9">aEnd1NermUID</N>
            <N i="10">aEnd1PortrmUID</N>
            <N i="11">aEnd1CTPID</N>
            <N i="12">aEnd2TprmUID</N>
            <N i="13">aEnd2NermUID</N>
            <N i="14">aEnd2PortrmUID</N>
            <N i="15">aEnd2CTPID</N>
            <N i="16">zEnd1TprmUID</N>
            <N i="17">zEnd1NermUID</N>
            <N i="18">zEnd1PortrmUID</N>
            <N i="19">zEnd1CTPID</N>
            <N i="20">zEnd2TprmUID</N>
            <N i="21">zEnd2NermUID</N>
            <N i="22">zEnd2PortrmUID</N>
            <N i="23">zEnd2CTPID</N>
            <N i="24">PW1rmUID</N>
            <N i="25">PW2rmUID</N>
        </FieldName>
        <FieldValue>
            <Object rmUID="3201PTCS1TDM19">
                <V i="1">3201PTCS1TDM19</V>
                <V i="2">ces60_ces60</V>
                <V i="3">2M</V>
                <V i="4">CD_BI</V>
                <V i="5">ACTIVE</V>
                <V i="6"></V>
                <V i="7">本地集客</V>
                <V i="8">3201PTCS1ETP0A4F0B0A262145</V>
                <V i="9">3201PTCS1NEL0A4F0B0A</V>
                <V i="10">3201PTCS1ETP0A4F0B0A720897</V>
                <V i="11"></V>
                <V i="12"></V>
                <V i="13"></V>
                <V i="14"></V>
                <V i="15"></V>
                <V i="16">3201PTCS1ETP064F0B0A262145</V>
                <V i="17">3201PTCS1NEL064F0B0A</V>
                <V i="18">3201PTCS1ETP064F0B0A720897</V>
                <V i="19"></V>
                <V i="20"></V>
                <V i="21"></V>
                <V i="22"></V>
                <V i="23"></V>
                <V i="24">3201PTCS1PSW1504849481889</V>
                <V i="25"></V>
            </Object>
            <Object rmUID="3201PTCS1TDM20">
                <V i="1">3201PTCS1TDM20</V>
                <V i="2">ces601_ces601</V>
                <V i="3">2M</V>
                <V i="4">CD_BI</V>
                <V i="5">ACTIVE</V>
                <V i="6"></V>
                <V i="7">本地集客</V>
                <V i="8">3201PTCS1ETP0A4F0B0A262146</V>
                <V i="9">3201PTCS1NEL0A4F0B0A</V>
                <V i="10">3201PTCS1ETP0A4F0B0A720898</V>
                <V i="11"></V>
                <V i="12"></V>
                <V i="13"></V>
                <V i="14"></V>
                <V i="15"></V>
                <V i="16">3201PTCS1ETP064F0B0A262146</V>
                <V i="17">3201PTCS1NEL064F0B0A</V>
                <V i="18">3201PTCS1ETP064F0B0A720898</V>
                <V i="19"></V>
                <V i="20"></V>
                <V i="21"></V>
                <V i="22"></V>
                <V i="23"></V>
                <V i="24">3201PTCS1PSW1504849481990</V>
                <V i="25"></V>
            </Object>
            <Object rmUID="3201PTCS1TDM4">
                <V i="1">3201PTCS1TDM4</V>
                <V i="2">78</V>
                <V i="3">2M</V>
                <V i="4">CD_BI</V>
                <V i="5">ACTIVE</V>
                <V i="6">78</V>
                <V i="7">本地集客</V>
                <V i="8">3201PTCS1ETP074F0B0A262148</V>
                <V i="9">3201PTCS1NEL074F0B0A</V>
                <V i="10">3201PTCS1ETP074F0B0A720900</V>
                <V i="11"></V>
                <V i="12"></V>
                <V i="13"></V>
                <V i="14"></V>
                <V i="15"></V>
                <V i="16">3201PTCS1ETP084F0B0A262148</V>
                <V i="17">3201PTCS1NEL084F0B0A</V>
                <V i="18">3201PTCS1ETP084F0B0A720907</V>
                <V i="19"></V>
                <V i="20"></V>
                <V i="21"></V>
                <V i="22"></V>
                <V i="23"></V>
                <V i="24">3201PTCS1PSW1504948044556</V>
                <V i="25"></V>
            </Object>
        </FieldValue>
    </Objects>
</DataFile>
