<?xml version="1.0" encoding="utf-8" standalone="yes"?>
<DataFile>
    <FileHeader>
        <TimeStamp>2017-09-12T17:54:03.446+08:00</TimeStamp>
        <TimeZone>UTC+8</TimeZone>
        <VendorName>PT</VendorName>
        <ElementType>PTN</ElementType>
        <CmVersion>V1.0.0</CmVersion>
    </FileHeader>
    <Objects>
        <ObjectType>OMC</ObjectType>
        <FieldName>
            <N i="1">rmUID</N>
            <N i="2">nativeName</N>
            <N i="3">commuAddress</N>
            <N i="4">omcVersion</N>
            <N i="5">interfaceVersion</N>
            <N i="6">equipmentDomain</N>
            <N i="7">vendor</N>
        </FieldName>
        <FieldValue>
            <Object rmUID="3201PTCS1OMC000000001">
                <V i="1">3201PTCS1OMC000000001</V>
                <V i="2">EMS_1</V>
                <V i="3">10.11.1.60</V>
                <V i="4">XView 2.2.1.0908</V>
                <V i="5">V1.0.0</V>
                <V i="6">PTN</V>
                <V i="7">PT</V>
            </Object>
        </FieldValue>
    </Objects>
</DataFile>
