<?xml version="1.0" encoding="utf-8" standalone="yes"?>
<DataFile>
    <FileHeader>
        <TimeStamp>2017-09-12T17:54:05.063+08:00</TimeStamp>
        <TimeZone>UTC+8</TimeZone>
        <VendorName>PT</VendorName>
        <ElementType>PTN</ElementType>
        <CmVersion>V1.0.0</CmVersion>
    </FileHeader>
    <Objects>
        <ObjectType>LBS</ObjectType>
        <FieldName>
            <N i="1">rmUID</N>
            <N i="2">tunnelrmUID</N>
            <N i="3">direction</N>
            <N i="4">routingGroup</N>
            <N i="5">routingNo</N>
            <N i="6">aEndPortrmUID</N>
            <N i="7">aEndTprmUID</N>
            <N i="8">aEndOutLabel</N>
            <N i="9">aEndRevInLabel</N>
            <N i="10">zEndPortrmUID</N>
            <N i="11">aUVID</N>
            <N i="12">zEndTprmUID</N>
            <N i="13">zEndInLabel</N>
            <N i="14">zEndRevOutLabel</N>
            <N i="15">nermUID</N>
            <N i="16">zUVID</N>
        </FieldName>
        <FieldValue>
            <Object rmUID="3201PTCS1LBS024F0B0A65537">
                <V i="1">3201PTCS1LBS024F0B0A65537</V>
                <V i="2">3201PTCS1TNL19</V>
                <V i="3">CD_BI</V>
                <V i="4">1</V>
                <V i="5">1</V>
                <V i="6"></V>
                <V i="7"></V>
                <V i="8"></V>
                <V i="9"></V>
                <V i="10">3201PTCS1PRT024F0B0A131078</V>
                <V i="11"></V>
                <V i="12">3201PTCS1ETP024F0B0A327698</V>
                <V i="13">74</V>
                <V i="14">72</V>
                <V i="15">3201PTCS1NEL024F0B0A</V>
                <V i="16">0</V>
            </Object>
            <Object rmUID="3201PTCS1LBS074F0B0A65537">
                <V i="1">3201PTCS1LBS074F0B0A65537</V>
                <V i="2">3201PTCS1TNL7</V>
                <V i="3">CD_BI</V>
                <V i="4">1</V>
                <V i="5">1</V>
                <V i="6"></V>
                <V i="7"></V>
                <V i="8"></V>
                <V i="9"></V>
                <V i="10"></V>
                <V i="11"></V>
                <V i="12"></V>
                <V i="13"></V>
                <V i="14"></V>
                <V i="15">3201PTCS1NEL074F0B0A</V>
                <V i="16"></V>
            </Object>
            <Object rmUID="3201PTCS1LBS084F0B0A65538">
                <V i="1">3201PTCS1LBS084F0B0A65538</V>
                <V i="2">3201PTCS1TNL19</V>
                <V i="3">CD_BI</V>
                <V i="4">1</V>
                <V i="5">2</V>
                <V i="6">3201PTCS1PRT084F0B0A16908293</V>
                <V i="7">3201PTCS1ETP084F0B0A327713</V>
                <V i="8">73</V>
                <V i="9">75</V>
                <V i="10"></V>
                <V i="11">0</V>
                <V i="12"></V>
                <V i="13"></V>
                <V i="14"></V>
                <V i="15">3201PTCS1NEL084F0B0A</V>
                <V i="16"></V>
            </Object>
            <Object rmUID="3201PTCS1LBS0A4F0B0A65537">
                <V i="1">3201PTCS1LBS0A4F0B0A65537</V>
                <V i="2">3201PTCS1TNL23</V>
                <V i="3">CD_BI</V>
                <V i="4">1</V>
                <V i="5">1</V>
                <V i="6"></V>
                <V i="7"></V>
                <V i="8"></V>
                <V i="9"></V>
                <V i="10"></V>
                <V i="11"></V>
                <V i="12"></V>
                <V i="13"></V>
                <V i="14"></V>
                <V i="15">3201PTCS1NEL0A4F0B0A</V>
                <V i="16"></V>
            </Object>
            <Object rmUID="3201PTCS1LBS0A4F0B0A65538">
                <V i="1">3201PTCS1LBS0A4F0B0A65538</V>
                <V i="2">3201PTCS1TNL22</V>
                <V i="3">CD_BI</V>
                <V i="4">1</V>
                <V i="5">1</V>
                <V i="6"></V>
                <V i="7"></V>
                <V i="8"></V>
                <V i="9"></V>
                <V i="10"></V>
                <V i="11"></V>
                <V i="12"></V>
                <V i="13"></V>
                <V i="14"></V>
                <V i="15">3201PTCS1NEL0A4F0B0A</V>
                <V i="16"></V>
            </Object>
        </FieldValue>
    </Objects>
</DataFile>
