<?xml version="1.0" encoding="utf-8" standalone="yes"?>
<DataFile>
    <FileHeader>
        <TimeStamp>2017-09-12T17:54:03.591+08:00</TimeStamp>
        <TimeZone>UTC+8</TimeZone>
        <VendorName>PT</VendorName>
        <ElementType>PTN</ElementType>
        <CmVersion>V1.0.0</CmVersion>
    </FileHeader>
    <Objects>
        <ObjectType>CRD</ObjectType>
        <FieldName>
            <N i="1">rmUID</N>
            <N i="2">nermUID</N>
            <N i="3">holderrmUID</N>
            <N i="4">nativeName</N>
            <N i="5">cardType</N>
            <N i="6">cardSubType</N>
            <N i="7">softwareVersion</N>
            <N i="8">hardwareVersion</N>
            <N i="9">serialNumber</N>
            <N i="10">serviceState</N>
            <N i="11">role</N>
        </FieldName>
        <FieldValue>
            <Object rmUID="3201PTCS1CRD064F0B0A">
                <V i="1">3201PTCS1CRD064F0B0A</V>
                <V i="2">3201PTCS1NEL064F0B0A</V>
                <V i="3">3201PTCS1EQH0002064F0B0A</V>
                <V i="4">Agent10011079006_Card0</V>
                <V i="5">ECS-2CS25MG3-CMB</V>
                <V i="6"></V>
                <V i="7">1.1.0.26</V>
                <V i="8">V1.00</V>
                <V i="9"></V>
                <V i="10">IN_SERVICE</V>
                <V i="11">NA</V>
            </Object>
            <Object rmUID="3201PTCS1CRD054F0B0A">
                <V i="1">3201PTCS1CRD054F0B0A</V>
                <V i="2">3201PTCS1NEL054F0B0A</V>
                <V i="3">3201PTCS1EQH0002054F0B0A</V>
                <V i="4">Agent10011079005_Card0</V>
                <V i="5">ECS-2CS25MG3-BMB</V>
                <V i="6"></V>
                <V i="7">1.1.0.26</V>
                <V i="8">V1.00</V>
                <V i="9"></V>
                <V i="10">IN_SERVICE</V>
                <V i="11">NA</V>
            </Object>
            <Object rmUID="3201PTCS1CRD044F0B0A">
                <V i="1">3201PTCS1CRD044F0B0A</V>
                <V i="2">3201PTCS1NEL044F0B0A</V>
                <V i="3">3201PTCS1EQH0002044F0B0A</V>
                <V i="4">Agent10011079004_Card0</V>
                <V i="5">ECS-2CS25MG3-AMB</V>
                <V i="6"></V>
                <V i="7">1.1.0.26</V>
                <V i="8">V1.00</V>
                <V i="9"></V>
                <V i="10">IN_SERVICE</V>
                <V i="11">NA</V>
            </Object>
            <Object rmUID="3201PTCS1CRD034F0B0A">
                <V i="1">3201PTCS1CRD034F0B0A</V>
                <V i="2">3201PTCS1NEL034F0B0A</V>
                <V i="3">3201PTCS1EQH0002034F0B0A</V>
                <V i="4">Agent10011079003_Card0</V>
                <V i="5">ECS-2CS25MG3-AMB</V>
                <V i="6"></V>
                <V i="7">1.1.0.26</V>
                <V i="8">V1.00</V>
                <V i="9"></V>
                <V i="10">IN_SERVICE</V>
                <V i="11">NA</V>
            </Object>
            <Object rmUID="3201PTCS1CRD024F0B0A">
                <V i="1">3201PTCS1CRD024F0B0A</V>
                <V i="2">3201PTCS1NEL024F0B0A</V>
                <V i="3">3201PTCS1EQH0002024F0B0A</V>
                <V i="4">Agent10011079002_Card0</V>
                <V i="5">ECS-2CS25MG3-BMB</V>
                <V i="6"></V>
                <V i="7">1.1.0.26</V>
                <V i="8">V1.00</V>
                <V i="9"></V>
                <V i="10">IN_SERVICE</V>
                <V i="11">NA</V>
            </Object>
            <Object rmUID="3201PTCS1CRD014F0B0A">
                <V i="1">3201PTCS1CRD014F0B0A</V>
                <V i="2">3201PTCS1NEL014F0B0A</V>
                <V i="3">3201PTCS1EQH0002014F0B0A</V>
                <V i="4">Agent10011079001_Card0</V>
                <V i="5">ECS-2CS25MG3-CMB</V>
                <V i="6"></V>
                <V i="7">1.1.0.26</V>
                <V i="8">V1.00</V>
                <V i="9"></V>
                <V i="10">IN_SERVICE</V>
                <V i="11">NA</V>
            </Object>
            <Object rmUID="3201PTCS1CRD084F0B0A">
                <V i="1">3201PTCS1CRD084F0B0A</V>
                <V i="2">3201PTCS1NEL084F0B0A</V>
                <V i="3">3201PTCS1EQH0002084F0B0A</V>
                <V i="4">Agent10011079008_Card0</V>
                <V i="5">ECS-2CS25MTG100</V>
                <V i="6"></V>
                <V i="7">1.1.0.26</V>
                <V i="8">V1.02</V>
                <V i="9">123456789</V>
                <V i="10">IN_SERVICE</V>
                <V i="11">NA</V>
            </Object>
            <Object rmUID="3201PTCS1CRD074F0B0A">
                <V i="1">3201PTCS1CRD074F0B0A</V>
                <V i="2">3201PTCS1NEL074F0B0A</V>
                <V i="3">3201PTCS1EQH0002074F0B0A</V>
                <V i="4">Agent10011079007_Card0</V>
                <V i="5">ECS-2CS25MTG100</V>
                <V i="6"></V>
                <V i="7">1.1.0.26</V>
                <V i="8">V1.02</V>
                <V i="9">123456789</V>
                <V i="10">IN_SERVICE</V>
                <V i="11">NA</V>
            </Object>
            <Object rmUID="3201PTCS1CRD0A4F0B0A">
                <V i="1">3201PTCS1CRD0A4F0B0A</V>
                <V i="2">3201PTCS1NEL0A4F0B0A</V>
                <V i="3">3201PTCS1EQH00020A4F0B0A</V>
                <V i="4">Agent10011079010_Card0</V>
                <V i="5">ECS-2CS25MTG100</V>
                <V i="6"></V>
                <V i="7">1.1.0.26</V>
                <V i="8">V1.02</V>
                <V i="9">123456789</V>
                <V i="10">IN_SERVICE</V>
                <V i="11">NA</V>
            </Object>
            <Object rmUID="3201PTCS1CRD094F0B0A">
                <V i="1">3201PTCS1CRD094F0B0A</V>
                <V i="2">3201PTCS1NEL094F0B0A</V>
                <V i="3">3201PTCS1EQH0002094F0B0A</V>
                <V i="4">Agent10011079009_Card0</V>
                <V i="5">ECS-2CS25MTG100</V>
                <V i="6"></V>
                <V i="7">1.1.0.26</V>
                <V i="8">V1.02</V>
                <V i="9">123456789</V>
                <V i="10">IN_SERVICE</V>
                <V i="11">NA</V>
            </Object>
            <Object rmUID="3201PTCS1CRD074F0B0A3">
                <V i="1">3201PTCS1CRD074F0B0A3</V>
                <V i="2">3201PTCS1NEL074F0B0A</V>
                <V i="3">3201PTCS1EQH0002074F0B0A3</V>
                <V i="4">Agent10011079007_Card3</V>
                <V i="5">TG100-GX8</V>
                <V i="6"></V>
                <V i="7">1.1.0.26</V>
                <V i="8">V1.01</V>
                <V i="9">123456789</V>
                <V i="10">IN_SERVICE</V>
                <V i="11">NA</V>
            </Object>
            <Object rmUID="3201PTCS1CRD074F0B0A2">
                <V i="1">3201PTCS1CRD074F0B0A2</V>
                <V i="2">3201PTCS1NEL074F0B0A</V>
                <V i="3">3201PTCS1EQH0002074F0B0A2</V>
                <V i="4">Agent10011079007_Card2</V>
                <V i="5">TG100-GE8</V>
                <V i="6"></V>
                <V i="7">1.1.0.26</V>
                <V i="8">V1.01</V>
                <V i="9">123456789</V>
                <V i="10">IN_SERVICE</V>
                <V i="11">NA</V>
            </Object>
            <Object rmUID="3201PTCS1CRD074F0B0A1">
                <V i="1">3201PTCS1CRD074F0B0A1</V>
                <V i="2">3201PTCS1NEL074F0B0A</V>
                <V i="3">3201PTCS1EQH0002074F0B0A1</V>
                <V i="4">Agent10011079007_Card1</V>
                <V i="5">TG100-GX8</V>
                <V i="6"></V>
                <V i="7">1.1.0.26</V>
                <V i="8">V1.01</V>
                <V i="9">123456789</V>
                <V i="10">IN_SERVICE</V>
                <V i="11">NA</V>
            </Object>
            <Object rmUID="3201PTCS1CRD074F0B0A6">
                <V i="1">3201PTCS1CRD074F0B0A6</V>
                <V i="2">3201PTCS1NEL074F0B0A</V>
                <V i="3">3201PTCS1EQH0002074F0B0A6</V>
                <V i="4">Agent10011079007_Card6</V>
                <V i="5">FAN</V>
                <V i="6"></V>
                <V i="7">1.1.0.26</V>
                <V i="8">V1.01</V>
                <V i="9">123456789</V>
                <V i="10">IN_SERVICE</V>
                <V i="11">NA</V>
            </Object>
            <Object rmUID="3201PTCS1CRD074F0B0A5">
                <V i="1">3201PTCS1CRD074F0B0A5</V>
                <V i="2">3201PTCS1NEL074F0B0A</V>
                <V i="3">3201PTCS1EQH0002074F0B0A5</V>
                <V i="4">Agent10011079007_Card5</V>
                <V i="5">POW</V>
                <V i="6"></V>
                <V i="7">NA</V>
                <V i="8">V0.0</V>
                <V i="9">N/A</V>
                <V i="10">IN_SERVICE</V>
                <V i="11">NA</V>
            </Object>
            <Object rmUID="3201PTCS1CRD074F0B0A4">
                <V i="1">3201PTCS1CRD074F0B0A4</V>
                <V i="2">3201PTCS1NEL074F0B0A</V>
                <V i="3">3201PTCS1EQH0002074F0B0A4</V>
                <V i="4">Agent10011079007_Card4</V>
                <V i="5">POW</V>
                <V i="6"></V>
                <V i="7">NA</V>
                <V i="8">V0.0</V>
                <V i="9">N/A</V>
                <V i="10">IN_SERVICE</V>
                <V i="11">NA</V>
            </Object>
            <Object rmUID="3201PTCS1CRD084F0B0A3">
                <V i="1">3201PTCS1CRD084F0B0A3</V>
                <V i="2">3201PTCS1NEL084F0B0A</V>
                <V i="3">3201PTCS1EQH0002084F0B0A3</V>
                <V i="4">Agent10011079008_Card3</V>
                <V i="5">TG100-GE8</V>
                <V i="6"></V>
                <V i="7">1.1.0.26</V>
                <V i="8">V1.01</V>
                <V i="9">123456789</V>
                <V i="10">IN_SERVICE</V>
                <V i="11">NA</V>
            </Object>
            <Object rmUID="3201PTCS1CRD084F0B0A2">
                <V i="1">3201PTCS1CRD084F0B0A2</V>
                <V i="2">3201PTCS1NEL084F0B0A</V>
                <V i="3">3201PTCS1EQH0002084F0B0A2</V>
                <V i="4">Agent10011079008_Card2</V>
                <V i="5">TG100-GE8</V>
                <V i="6"></V>
                <V i="7">1.1.0.26</V>
                <V i="8">V1.01</V>
                <V i="9">123456789</V>
                <V i="10">IN_SERVICE</V>
                <V i="11">NA</V>
            </Object>
            <Object rmUID="3201PTCS1CRD084F0B0A1">
                <V i="1">3201PTCS1CRD084F0B0A1</V>
                <V i="2">3201PTCS1NEL084F0B0A</V>
                <V i="3">3201PTCS1EQH0002084F0B0A1</V>
                <V i="4">Agent10011079008_Card1</V>
                <V i="5">TG100-GX8</V>
                <V i="6"></V>
                <V i="7">1.1.0.26</V>
                <V i="8">V1.01</V>
                <V i="9">123456789</V>
                <V i="10">IN_SERVICE</V>
                <V i="11">NA</V>
            </Object>
            <Object rmUID="3201PTCS1CRD084F0B0A6">
                <V i="1">3201PTCS1CRD084F0B0A6</V>
                <V i="2">3201PTCS1NEL084F0B0A</V>
                <V i="3">3201PTCS1EQH0002084F0B0A6</V>
                <V i="4">Agent10011079008_Card6</V>
                <V i="5">FAN</V>
                <V i="6"></V>
                <V i="7">1.1.0.26</V>
                <V i="8">V1.01</V>
                <V i="9">123456789</V>
                <V i="10">IN_SERVICE</V>
                <V i="11">NA</V>
            </Object>
            <Object rmUID="3201PTCS1CRD084F0B0A5">
                <V i="1">3201PTCS1CRD084F0B0A5</V>
                <V i="2">3201PTCS1NEL084F0B0A</V>
                <V i="3">3201PTCS1EQH0002084F0B0A5</V>
                <V i="4">Agent10011079008_Card5</V>
                <V i="5">POW</V>
                <V i="6"></V>
                <V i="7">NA</V>
                <V i="8">V0.0</V>
                <V i="9">N/A</V>
                <V i="10">IN_SERVICE</V>
                <V i="11">NA</V>
            </Object>
            <Object rmUID="3201PTCS1CRD084F0B0A4">
                <V i="1">3201PTCS1CRD084F0B0A4</V>
                <V i="2">3201PTCS1NEL084F0B0A</V>
                <V i="3">3201PTCS1EQH0002084F0B0A4</V>
                <V i="4">Agent10011079008_Card4</V>
                <V i="5">POW</V>
                <V i="6"></V>
                <V i="7">NA</V>
                <V i="8">V0.0</V>
                <V i="9">N/A</V>
                <V i="10">IN_SERVICE</V>
                <V i="11">NA</V>
            </Object>
            <Object rmUID="3201PTCS1CRD094F0B0A3">
                <V i="1">3201PTCS1CRD094F0B0A3</V>
                <V i="2">3201PTCS1NEL094F0B0A</V>
                <V i="3">3201PTCS1EQH0002094F0B0A3</V>
                <V i="4">Agent10011079009_Card3</V>
                <V i="5">TG100-GX8</V>
                <V i="6"></V>
                <V i="7">1.1.0.26</V>
                <V i="8">V1.01</V>
                <V i="9">123456789</V>
                <V i="10">IN_SERVICE</V>
                <V i="11">NA</V>
            </Object>
            <Object rmUID="3201PTCS1CRD094F0B0A2">
                <V i="1">3201PTCS1CRD094F0B0A2</V>
                <V i="2">3201PTCS1NEL094F0B0A</V>
                <V i="3">3201PTCS1EQH0002094F0B0A2</V>
                <V i="4">Agent10011079009_Card2</V>
                <V i="5">TG100-GE8</V>
                <V i="6"></V>
                <V i="7">1.1.0.26</V>
                <V i="8">V1.01</V>
                <V i="9">123456789</V>
                <V i="10">IN_SERVICE</V>
                <V i="11">NA</V>
            </Object>
            <Object rmUID="3201PTCS1CRD094F0B0A1">
                <V i="1">3201PTCS1CRD094F0B0A1</V>
                <V i="2">3201PTCS1NEL094F0B0A</V>
                <V i="3">3201PTCS1EQH0002094F0B0A1</V>
                <V i="4">Agent10011079009_Card1</V>
                <V i="5">TG100-GX8</V>
                <V i="6"></V>
                <V i="7">1.1.0.26</V>
                <V i="8">V1.01</V>
                <V i="9">123456789</V>
                <V i="10">IN_SERVICE</V>
                <V i="11">NA</V>
            </Object>
            <Object rmUID="3201PTCS1CRD094F0B0A6">
                <V i="1">3201PTCS1CRD094F0B0A6</V>
                <V i="2">3201PTCS1NEL094F0B0A</V>
                <V i="3">3201PTCS1EQH0002094F0B0A6</V>
                <V i="4">Agent10011079009_Card6</V>
                <V i="5">FAN</V>
                <V i="6"></V>
                <V i="7">1.1.0.26</V>
                <V i="8">V1.01</V>
                <V i="9">123456789</V>
                <V i="10">IN_SERVICE</V>
                <V i="11">NA</V>
            </Object>
            <Object rmUID="3201PTCS1CRD094F0B0A5">
                <V i="1">3201PTCS1CRD094F0B0A5</V>
                <V i="2">3201PTCS1NEL094F0B0A</V>
                <V i="3">3201PTCS1EQH0002094F0B0A5</V>
                <V i="4">Agent10011079009_Card5</V>
                <V i="5">POW</V>
                <V i="6"></V>
                <V i="7">NA</V>
                <V i="8">V0.0</V>
                <V i="9">N/A</V>
                <V i="10">IN_SERVICE</V>
                <V i="11">NA</V>
            </Object>
            <Object rmUID="3201PTCS1CRD094F0B0A4">
                <V i="1">3201PTCS1CRD094F0B0A4</V>
                <V i="2">3201PTCS1NEL094F0B0A</V>
                <V i="3">3201PTCS1EQH0002094F0B0A4</V>
                <V i="4">Agent10011079009_Card4</V>
                <V i="5">POW</V>
                <V i="6"></V>
                <V i="7">NA</V>
                <V i="8">V0.0</V>
                <V i="9">N/A</V>
                <V i="10">IN_SERVICE</V>
                <V i="11">NA</V>
            </Object>
            <Object rmUID="3201PTCS1CRD0A4F0B0A3">
                <V i="1">3201PTCS1CRD0A4F0B0A3</V>
                <V i="2">3201PTCS1NEL0A4F0B0A</V>
                <V i="3">3201PTCS1EQH00020A4F0B0A3</V>
                <V i="4">Agent10011079010_Card3</V>
                <V i="5">TG100-GX8</V>
                <V i="6"></V>
                <V i="7">1.1.0.26</V>
                <V i="8">V1.01</V>
                <V i="9">123456789</V>
                <V i="10">IN_SERVICE</V>
                <V i="11">NA</V>
            </Object>
            <Object rmUID="3201PTCS1CRD0A4F0B0A2">
                <V i="1">3201PTCS1CRD0A4F0B0A2</V>
                <V i="2">3201PTCS1NEL0A4F0B0A</V>
                <V i="3">3201PTCS1EQH00020A4F0B0A2</V>
                <V i="4">Agent10011079010_Card2</V>
                <V i="5">TG100-GE8</V>
                <V i="6"></V>
                <V i="7">1.1.0.26</V>
                <V i="8">V1.01</V>
                <V i="9">123456789</V>
                <V i="10">IN_SERVICE</V>
                <V i="11">NA</V>
            </Object>
            <Object rmUID="3201PTCS1CRD0A4F0B0A1">
                <V i="1">3201PTCS1CRD0A4F0B0A1</V>
                <V i="2">3201PTCS1NEL0A4F0B0A</V>
                <V i="3">3201PTCS1EQH00020A4F0B0A1</V>
                <V i="4">Agent10011079010_Card1</V>
                <V i="5">TG100-GX8</V>
                <V i="6"></V>
                <V i="7">1.1.0.26</V>
                <V i="8">V1.01</V>
                <V i="9">123456789</V>
                <V i="10">IN_SERVICE</V>
                <V i="11">NA</V>
            </Object>
            <Object rmUID="3201PTCS1CRD0A4F0B0A6">
                <V i="1">3201PTCS1CRD0A4F0B0A6</V>
                <V i="2">3201PTCS1NEL0A4F0B0A</V>
                <V i="3">3201PTCS1EQH00020A4F0B0A6</V>
                <V i="4">Agent10011079010_Card6</V>
                <V i="5">FAN</V>
                <V i="6"></V>
                <V i="7">1.1.0.26</V>
                <V i="8">V1.01</V>
                <V i="9">123456789</V>
                <V i="10">IN_SERVICE</V>
                <V i="11">NA</V>
            </Object>
            <Object rmUID="3201PTCS1CRD0A4F0B0A5">
                <V i="1">3201PTCS1CRD0A4F0B0A5</V>
                <V i="2">3201PTCS1NEL0A4F0B0A</V>
                <V i="3">3201PTCS1EQH00020A4F0B0A5</V>
                <V i="4">Agent10011079010_Card5</V>
                <V i="5">POW</V>
                <V i="6"></V>
                <V i="7">NA</V>
                <V i="8">V0.0</V>
                <V i="9">N/A</V>
                <V i="10">IN_SERVICE</V>
                <V i="11">NA</V>
            </Object>
            <Object rmUID="3201PTCS1CRD0A4F0B0A4">
                <V i="1">3201PTCS1CRD0A4F0B0A4</V>
                <V i="2">3201PTCS1NEL0A4F0B0A</V>
                <V i="3">3201PTCS1EQH00020A4F0B0A4</V>
                <V i="4">Agent10011079010_Card4</V>
                <V i="5">POW</V>
                <V i="6"></V>
                <V i="7">NA</V>
                <V i="8">V0.0</V>
                <V i="9">N/A</V>
                <V i="10">IN_SERVICE</V>
                <V i="11">NA</V>
            </Object>
        </FieldValue>
    </Objects>
</DataFile>
