<?xml version="1.0" encoding="utf-8" standalone="yes"?>
<DataFile>
    <FileHeader>
        <TimeStamp>2017-09-12T17:54:05.590+08:00</TimeStamp>
        <TimeZone>UTC+8</TimeZone>
        <VendorName>PT</VendorName>
        <ElementType>PTN</ElementType>
        <CmVersion>V1.0.0</CmVersion>
    </FileHeader>
    <Objects>
        <ObjectType>SNN</ObjectType>
        <FieldName>
            <N i="1">rmUID</N>
            <N i="2">subnetrmUID</N>
            <N i="3">xPos</N>
            <N i="4">yPos</N>
        </FieldName>
        <FieldValue>
            <Object rmUID="3201PTCS1SBN68">
                <V i="1">3201PTCS1SBN68</V>
                <V i="2">3201PTCS1SBN508</V>
                <V i="3">248</V>
                <V i="4">412</V>
            </Object>
            <Object rmUID="3201PTCS1SBN56">
                <V i="1">3201PTCS1SBN56</V>
                <V i="2">3201PTCS1SBN508</V>
                <V i="3">528</V>
                <V i="4">429</V>
            </Object>
            <Object rmUID="3201PTCS1SBN45">
                <V i="1">3201PTCS1SBN45</V>
                <V i="2">3201PTCS1SBN508</V>
                <V i="3">765</V>
                <V i="4">254</V>
            </Object>
            <Object rmUID="3201PTCS1SBN34">
                <V i="1">3201PTCS1SBN34</V>
                <V i="2">3201PTCS1SBN508</V>
                <V i="3">763</V>
                <V i="4">65</V>
            </Object>
            <Object rmUID="3201PTCS1SBN22">
                <V i="1">3201PTCS1SBN22</V>
                <V i="2">3201PTCS1SBN508</V>
                <V i="3">767</V>
                <V i="4">434</V>
            </Object>
            <Object rmUID="3201PTCS1SBN2">
                <V i="1">3201PTCS1SBN2</V>
                <V i="2">3201PTCS1SBN508</V>
                <V i="3">70</V>
                <V i="4">55</V>
            </Object>
            <Object rmUID="3201PTCS1SBN118">
                <V i="1">3201PTCS1SBN118</V>
                <V i="2">3201PTCS1SBN508</V>
                <V i="3">245</V>
                <V i="4">231</V>
            </Object>
            <Object rmUID="3201PTCS1SBN88">
                <V i="1">3201PTCS1SBN88</V>
                <V i="2">3201PTCS1SBN508</V>
                <V i="3">520</V>
                <V i="4">231</V>
            </Object>
            <Object rmUID="3201PTCS1SBN178">
                <V i="1">3201PTCS1SBN178</V>
                <V i="2">3201PTCS1SBN508</V>
                <V i="3">511</V>
                <V i="4">70</V>
            </Object>
            <Object rmUID="3201PTCS1SBN148">
                <V i="1">3201PTCS1SBN148</V>
                <V i="2">3201PTCS1SBN508</V>
                <V i="3">241</V>
                <V i="4">67</V>
            </Object>
        </FieldValue>
    </Objects>
</DataFile>
