<?xml version="1.0" encoding="utf-8" standalone="yes"?>
<DataFile>
    <FileHeader>
        <TimeStamp>2017-09-12T17:54:05.673+08:00</TimeStamp>
        <TimeZone>UTC+8</TimeZone>
        <VendorName>PT</VendorName>
        <ElementType>PTN</ElementType>
        <CmVersion>V1.0.0</CmVersion>
    </FileHeader>
    <Objects>
        <ObjectType>PGU</ObjectType>
        <FieldName>
            <N i="1">rmUID</N>
            <N i="2">grouprmUID</N>
            <N i="3">portrmUID</N>
            <N i="4">role</N>
        </FieldName>
        <FieldValue>
            <Object rmUID="3201PTCS1PGU094F0B0A16908296">
                <V i="1">3201PTCS1PGU094F0B0A16908296</V>
                <V i="2">3201PTCS1PTG094F0B0A262145</V>
                <V i="3">3201PTCS1PGU094F0B0A16908296</V>
                <V i="4">Backup</V>
            </Object>
            <Object rmUID="3201PTCS1PGU094F0B0A16908295">
                <V i="1">3201PTCS1PGU094F0B0A16908295</V>
                <V i="2">3201PTCS1PTG094F0B0A262145</V>
                <V i="3">3201PTCS1PGU094F0B0A16908295</V>
                <V i="4">Master</V>
            </Object>
            <Object rmUID="3201PTCS1PGU0A4F0B0A50462725">
                <V i="1">3201PTCS1PGU0A4F0B0A50462725</V>
                <V i="2">3201PTCS1PTG0A4F0B0A262145</V>
                <V i="3">3201PTCS1PGU0A4F0B0A50462725</V>
                <V i="4">Backup</V>
            </Object>
            <Object rmUID="3201PTCS1PGU0A4F0B0A50462726">
                <V i="1">3201PTCS1PGU0A4F0B0A50462726</V>
                <V i="2">3201PTCS1PTG0A4F0B0A262145</V>
                <V i="3">3201PTCS1PGU0A4F0B0A50462726</V>
                <V i="4">Master</V>
            </Object>
        </FieldValue>
    </Objects>
</DataFile>
