<?xml version="1.0" encoding="utf-8" standalone="yes"?>
<DataFile>
    <FileHeader>
        <TimeStamp>2017-09-12T17:54:05.649+08:00</TimeStamp>
        <TimeZone>UTC+8</TimeZone>
        <VendorName>PT</VendorName>
        <ElementType>PTN</ElementType>
        <CmVersion>V1.0.0</CmVersion>
    </FileHeader>
    <Objects>
        <ObjectType>PTG</ObjectType>
        <FieldName>
            <N i="1">rmUID</N>
            <N i="2">lagrmUID</N>
            <N i="3">NErmUID</N>
            <N i="4">nativeName</N>
            <N i="5">reversionMode</N>
            <N i="6">type</N>
        </FieldName>
        <FieldValue>
            <Object rmUID="3201PTCS1PTG094F0B0A262145">
                <V i="1">3201PTCS1PTG094F0B0A262145</V>
                <V i="2">3201PTCS1PTG094F0B0A262145</V>
                <V i="3">3201PTCS1NEL094F0B0A</V>
                <V i="4">lag12-89</V>
                <V i="5">RM_REVERTIVE</V>
                <V i="6">1:1</V>
            </Object>
            <Object rmUID="3201PTCS1PTG0A4F0B0A262145">
                <V i="1">3201PTCS1PTG0A4F0B0A262145</V>
                <V i="2">3201PTCS1PTG0A4F0B0A262145</V>
                <V i="3">3201PTCS1NEL0A4F0B0A</V>
                <V i="4">ck</V>
                <V i="5">RM_REVERTIVE</V>
                <V i="6">1:1</V>
            </Object>
        </FieldValue>
    </Objects>
</DataFile>
