<?xml version="1.0" encoding="utf-8" standalone="yes"?>
<DataFile>
    <FileHeader>
        <TimeStamp>2017-09-12T17:54:05.488+08:00</TimeStamp>
        <TimeZone>UTC+8</TimeZone>
        <VendorName>PT</VendorName>
        <ElementType>PTN</ElementType>
        <CmVersion>V1.0.0</CmVersion>
    </FileHeader>
    <Objects>
        <ObjectType>ESP</ObjectType>
        <FieldName>
            <N i="1">rmUID</N>
            <N i="2">servicermUID</N>
            <N i="3">nermUID</N>
            <N i="4">portrmUID</N>
            <N i="5">CVID</N>
            <N i="6">SVID</N>
            <N i="7">ingressCIR</N>
            <N i="8">ingressPIR</N>
            <N i="9">egressCIR</N>
            <N i="10">egressPIR</N>
        </FieldName>
        <FieldValue>
            <Object rmUID="3201PTCS1ESP054F0B0A655361">
                <V i="1">3201PTCS1ESP054F0B0A655361</V>
                <V i="2">3201PTCS1ETH17</V>
                <V i="3">3201PTCS1NEL054F0B0A</V>
                <V i="4">3201PTCS1PRT054F0B0A131073</V>
                <V i="5"></V>
                <V i="6"></V>
                <V i="7">0</V>
                <V i="8">0</V>
                <V i="9">0</V>
                <V i="10">0</V>
            </Object>
            <Object rmUID="3201PTCS1ESP074F0B0A655366">
                <V i="1">3201PTCS1ESP074F0B0A655366</V>
                <V i="2">3201PTCS1ETH17</V>
                <V i="3">3201PTCS1NEL074F0B0A</V>
                <V i="4">3201PTCS1PRT074F0B0A33685505</V>
                <V i="5"></V>
                <V i="6"></V>
                <V i="7">0</V>
                <V i="8">0</V>
                <V i="9">0</V>
                <V i="10">0</V>
            </Object>
            <Object rmUID="3201PTCS1ESP064F0B0A655364">
                <V i="1">3201PTCS1ESP064F0B0A655364</V>
                <V i="2">3201PTCS1ETH18</V>
                <V i="3">3201PTCS1NEL064F0B0A</V>
                <V i="4">3201PTCS1PRT064F0B0A1441893</V>
                <V i="5"></V>
                <V i="6"></V>
                <V i="7">0</V>
                <V i="8">0</V>
                <V i="9">0</V>
                <V i="10">0</V>
            </Object>
            <Object rmUID="3201PTCS1ESP074F0B0A655364">
                <V i="1">3201PTCS1ESP074F0B0A655364</V>
                <V i="2">3201PTCS1ETH18</V>
                <V i="3">3201PTCS1NEL074F0B0A</V>
                <V i="4">3201PTCS1PRT074F0B0A18219109</V>
                <V i="5"></V>
                <V i="6"></V>
                <V i="7">0</V>
                <V i="8">0</V>
                <V i="9">0</V>
                <V i="10">0</V>
            </Object>
            <Object rmUID="3201PTCS1ESP0A4F0B0A655364">
                <V i="1">3201PTCS1ESP0A4F0B0A655364</V>
                <V i="2">3201PTCS1ETH18</V>
                <V i="3">3201PTCS1NEL0A4F0B0A</V>
                <V i="4">3201PTCS1PRT0A4F0B0A18219109</V>
                <V i="5"></V>
                <V i="6"></V>
                <V i="7">0</V>
                <V i="8">0</V>
                <V i="9">0</V>
                <V i="10">0</V>
            </Object>
            <Object rmUID="3201PTCS1ESP044F0B0A655361">
                <V i="1">3201PTCS1ESP044F0B0A655361</V>
                <V i="2">3201PTCS1ETH21</V>
                <V i="3">3201PTCS1NEL044F0B0A</V>
                <V i="4">3201PTCS1PRT044F0B0A1441802</V>
                <V i="5"></V>
                <V i="6"></V>
                <V i="7">0</V>
                <V i="8">0</V>
                <V i="9">0</V>
                <V i="10">0</V>
            </Object>
            <Object rmUID="3201PTCS1ESP094F0B0A655361">
                <V i="1">3201PTCS1ESP094F0B0A655361</V>
                <V i="2">3201PTCS1ETH21</V>
                <V i="3">3201PTCS1NEL094F0B0A</V>
                <V i="4">3201PTCS1PRT094F0B0A18219018</V>
                <V i="5"></V>
                <V i="6"></V>
                <V i="7">0</V>
                <V i="8">0</V>
                <V i="9">0</V>
                <V i="10">0</V>
            </Object>
            <Object rmUID="3201PTCS1ESP064F0B0A655362">
                <V i="1">3201PTCS1ESP064F0B0A655362</V>
                <V i="2">3201PTCS1ETH22</V>
                <V i="3">3201PTCS1NEL064F0B0A</V>
                <V i="4">3201PTCS1PRT064F0B0A1441993</V>
                <V i="5"></V>
                <V i="6"></V>
                <V i="7">0</V>
                <V i="8">0</V>
                <V i="9">0</V>
                <V i="10">0</V>
            </Object>
            <Object rmUID="3201PTCS1ESP074F0B0A655362">
                <V i="1">3201PTCS1ESP074F0B0A655362</V>
                <V i="2">3201PTCS1ETH22</V>
                <V i="3">3201PTCS1NEL074F0B0A</V>
                <V i="4">3201PTCS1PRT074F0B0A18219209</V>
                <V i="5"></V>
                <V i="6"></V>
                <V i="7">0</V>
                <V i="8">0</V>
                <V i="9">0</V>
                <V i="10">0</V>
            </Object>
            <Object rmUID="3201PTCS1ESP0A4F0B0A655362">
                <V i="1">3201PTCS1ESP0A4F0B0A655362</V>
                <V i="2">3201PTCS1ETH22</V>
                <V i="3">3201PTCS1NEL0A4F0B0A</V>
                <V i="4">3201PTCS1PRT0A4F0B0A18219209</V>
                <V i="5"></V>
                <V i="6"></V>
                <V i="7">0</V>
                <V i="8">0</V>
                <V i="9">0</V>
                <V i="10">0</V>
            </Object>
            <Object rmUID="3201PTCS1ESP064F0B0A655361">
                <V i="1">3201PTCS1ESP064F0B0A655361</V>
                <V i="2">3201PTCS1ETH23</V>
                <V i="3">3201PTCS1NEL064F0B0A</V>
                <V i="4">3201PTCS1PRT064F0B0A1441992</V>
                <V i="5"></V>
                <V i="6"></V>
                <V i="7">0</V>
                <V i="8">0</V>
                <V i="9">0</V>
                <V i="10">0</V>
            </Object>
            <Object rmUID="3201PTCS1ESP074F0B0A655361">
                <V i="1">3201PTCS1ESP074F0B0A655361</V>
                <V i="2">3201PTCS1ETH23</V>
                <V i="3">3201PTCS1NEL074F0B0A</V>
                <V i="4">3201PTCS1PRT074F0B0A18219208</V>
                <V i="5"></V>
                <V i="6"></V>
                <V i="7">0</V>
                <V i="8">0</V>
                <V i="9">0</V>
                <V i="10">0</V>
            </Object>
            <Object rmUID="3201PTCS1ESP084F0B0A655361">
                <V i="1">3201PTCS1ESP084F0B0A655361</V>
                <V i="2">3201PTCS1ETH23</V>
                <V i="3">3201PTCS1NEL084F0B0A</V>
                <V i="4">3201PTCS1PRT084F0B0A196609</V>
                <V i="5"></V>
                <V i="6"></V>
                <V i="7">0</V>
                <V i="8">0</V>
                <V i="9">0</V>
                <V i="10">0</V>
            </Object>
            <Object rmUID="3201PTCS1ESP0A4F0B0A655361">
                <V i="1">3201PTCS1ESP0A4F0B0A655361</V>
                <V i="2">3201PTCS1ETH23</V>
                <V i="3">3201PTCS1NEL0A4F0B0A</V>
                <V i="4">3201PTCS1PRT0A4F0B0A18219208</V>
                <V i="5"></V>
                <V i="6"></V>
                <V i="7">0</V>
                <V i="8">0</V>
                <V i="9">0</V>
                <V i="10">0</V>
            </Object>
            <Object rmUID="3201PTCS1ESP064F0B0A655363">
                <V i="1">3201PTCS1ESP064F0B0A655363</V>
                <V i="2">3201PTCS1ETH24</V>
                <V i="3">3201PTCS1NEL064F0B0A</V>
                <V i="4">3201PTCS1PRT064F0B0A1441892</V>
                <V i="5"></V>
                <V i="6"></V>
                <V i="7">0</V>
                <V i="8">0</V>
                <V i="9">0</V>
                <V i="10">0</V>
            </Object>
            <Object rmUID="3201PTCS1ESP074F0B0A655363">
                <V i="1">3201PTCS1ESP074F0B0A655363</V>
                <V i="2">3201PTCS1ETH24</V>
                <V i="3">3201PTCS1NEL074F0B0A</V>
                <V i="4">3201PTCS1PRT074F0B0A18219108</V>
                <V i="5"></V>
                <V i="6"></V>
                <V i="7">0</V>
                <V i="8">0</V>
                <V i="9">0</V>
                <V i="10">0</V>
            </Object>
            <Object rmUID="3201PTCS1ESP0A4F0B0A655363">
                <V i="1">3201PTCS1ESP0A4F0B0A655363</V>
                <V i="2">3201PTCS1ETH24</V>
                <V i="3">3201PTCS1NEL0A4F0B0A</V>
                <V i="4">3201PTCS1PRT0A4F0B0A18219108</V>
                <V i="5"></V>
                <V i="6"></V>
                <V i="7">0</V>
                <V i="8">0</V>
                <V i="9">0</V>
                <V i="10">0</V>
            </Object>
            <Object rmUID="3201PTCS1ESP014F0B0A655371">
                <V i="1">3201PTCS1ESP014F0B0A655371</V>
                <V i="2">3201PTCS1ETH1</V>
                <V i="3">3201PTCS1NEL014F0B0A</V>
                <V i="4">3201PTCS1PRT014F0B0A1441800</V>
                <V i="5"></V>
                <V i="6"></V>
                <V i="7">0</V>
                <V i="8">0</V>
                <V i="9">0</V>
                <V i="10">0</V>
            </Object>
            <Object rmUID="3201PTCS1ESP074F0B0A655370">
                <V i="1">3201PTCS1ESP074F0B0A655370</V>
                <V i="2">3201PTCS1ETH1</V>
                <V i="3">3201PTCS1NEL074F0B0A</V>
                <V i="4">3201PTCS1PRT074F0B0A16908291</V>
                <V i="5"></V>
                <V i="6"></V>
                <V i="7">0</V>
                <V i="8">0</V>
                <V i="9">0</V>
                <V i="10">0</V>
            </Object>
            <Object rmUID="3201PTCS1ESP074F0B0A655367">
                <V i="1">3201PTCS1ESP074F0B0A655367</V>
                <V i="2">3201PTCS1ETH2</V>
                <V i="3">3201PTCS1NEL074F0B0A</V>
                <V i="4">3201PTCS1PRT074F0B0A1441793</V>
                <V i="5"></V>
                <V i="6"></V>
                <V i="7">0</V>
                <V i="8">0</V>
                <V i="9">0</V>
                <V i="10">0</V>
            </Object>
            <Object rmUID="3201PTCS1ESP054F0B0A655362">
                <V i="1">3201PTCS1ESP054F0B0A655362</V>
                <V i="2">3201PTCS1ETH3</V>
                <V i="3">3201PTCS1NEL054F0B0A</V>
                <V i="4">3201PTCS1PRT054F0B0A131074</V>
                <V i="5"></V>
                <V i="6"></V>
                <V i="7">0</V>
                <V i="8">0</V>
                <V i="9">0</V>
                <V i="10">0</V>
            </Object>
            <Object rmUID="3201PTCS1ESP074F0B0A655376">
                <V i="1">3201PTCS1ESP074F0B0A655376</V>
                <V i="2">3201PTCS1ETH3</V>
                <V i="3">3201PTCS1NEL074F0B0A</V>
                <V i="4">3201PTCS1PRT074F0B0A33685506</V>
                <V i="5"></V>
                <V i="6"></V>
                <V i="7">0</V>
                <V i="8">0</V>
                <V i="9">0</V>
                <V i="10">0</V>
            </Object>
            <Object rmUID="3201PTCS1ESP024F0B0A655368">
                <V i="1">3201PTCS1ESP024F0B0A655368</V>
                <V i="2">3201PTCS1ETH5</V>
                <V i="3">3201PTCS1NEL024F0B0A</V>
                <V i="4">3201PTCS1PRT024F0B0A131075</V>
                <V i="5"></V>
                <V i="6"></V>
                <V i="7">0</V>
                <V i="8">0</V>
                <V i="9">0</V>
                <V i="10">0</V>
            </Object>
            <Object rmUID="3201PTCS1ESP034F0B0A655361">
                <V i="1">3201PTCS1ESP034F0B0A655361</V>
                <V i="2">3201PTCS1ETH5</V>
                <V i="3">3201PTCS1NEL034F0B0A</V>
                <V i="4">3201PTCS1PRT034F0B0A131073</V>
                <V i="5"></V>
                <V i="6"></V>
                <V i="7">0</V>
                <V i="8">0</V>
                <V i="9">0</V>
                <V i="10">0</V>
            </Object>
            <Object rmUID="3201PTCS1ESP024F0B0A655363">
                <V i="1">3201PTCS1ESP024F0B0A655363</V>
                <V i="2">3201PTCS1ETH6</V>
                <V i="3">3201PTCS1NEL024F0B0A</V>
                <V i="4">3201PTCS1PRT024F0B0A1441795</V>
                <V i="5"></V>
                <V i="6"></V>
                <V i="7">0</V>
                <V i="8">0</V>
                <V i="9">0</V>
                <V i="10">0</V>
            </Object>
            <Object rmUID="3201PTCS1ESP034F0B0A655362">
                <V i="1">3201PTCS1ESP034F0B0A655362</V>
                <V i="2">3201PTCS1ETH6</V>
                <V i="3">3201PTCS1NEL034F0B0A</V>
                <V i="4">3201PTCS1PRT034F0B0A131074</V>
                <V i="5"></V>
                <V i="6"></V>
                <V i="7">0</V>
                <V i="8">0</V>
                <V i="9">0</V>
                <V i="10">0</V>
            </Object>
        </FieldValue>
    </Objects>
</DataFile>
