<?xml version="1.0" encoding="utf-8" standalone="yes"?>
<DataFile>
    <FileHeader>
        <TimeStamp>2017-09-12T17:54:05.270+08:00</TimeStamp>
        <TimeZone>UTC+8</TimeZone>
        <VendorName>PT</VendorName>
        <ElementType>PTN</ElementType>
        <CmVersion>V1.0.0</CmVersion>
    </FileHeader>
    <Objects>
        <ObjectType>ESI</ObjectType>
        <FieldName>
            <N i="1">rmUID</N>
            <N i="2">pwrmUID</N>
            <N i="3">aEndNermUID</N>
            <N i="4">zEndNermUID</N>
            <N i="5">role</N>
        </FieldName>
        <FieldValue>
            <Object rmUID="3201PTCS1ETH17">
                <V i="1">3201PTCS1ETH17</V>
                <V i="2">3201PTCS1PSW1504849481495</V>
                <V i="3">3201PTCS1NEL074F0B0A</V>
                <V i="4">3201PTCS1NEL054F0B0A</V>
                <V i="5">NA</V>
            </Object>
            <Object rmUID="3201PTCS1ETH18">
                <V i="1">3201PTCS1ETH18</V>
                <V i="2">3201PTCS1PSW1504849481596</V>
                <V i="3">3201PTCS1NEL064F0B0A</V>
                <V i="4">3201PTCS1NEL074F0B0A</V>
                <V i="5">NA</V>
            </Object>
            <Object rmUID="3201PTCS1ETH18">
                <V i="1">3201PTCS1ETH18</V>
                <V i="2">3201PTCS1PSW1504849481687</V>
                <V i="3">3201PTCS1NEL0A4F0B0A</V>
                <V i="4">3201PTCS1NEL064F0B0A</V>
                <V i="5">NA</V>
            </Object>
            <Object rmUID="3201PTCS1ETH18">
                <V i="1">3201PTCS1ETH18</V>
                <V i="2">3201PTCS1PSW1504849481788</V>
                <V i="3">3201PTCS1NEL0A4F0B0A</V>
                <V i="4">3201PTCS1NEL074F0B0A</V>
                <V i="5">NA</V>
            </Object>
            <Object rmUID="3201PTCS1ETH21">
                <V i="1">3201PTCS1ETH21</V>
                <V i="2">3201PTCS1PSW1504849482091</V>
                <V i="3">3201PTCS1NEL094F0B0A</V>
                <V i="4">3201PTCS1NEL044F0B0A</V>
                <V i="5">NA</V>
            </Object>
            <Object rmUID="3201PTCS1ETH22">
                <V i="1">3201PTCS1ETH22</V>
                <V i="2">3201PTCS1PSW1504849482192</V>
                <V i="3">3201PTCS1NEL0A4F0B0A</V>
                <V i="4">3201PTCS1NEL074F0B0A</V>
                <V i="5">NA</V>
            </Object>
            <Object rmUID="3201PTCS1ETH22">
                <V i="1">3201PTCS1ETH22</V>
                <V i="2">3201PTCS1PSW1504849482293</V>
                <V i="3">3201PTCS1NEL084F0B0A</V>
                <V i="4">3201PTCS1NEL0A4F0B0A</V>
                <V i="5">NA</V>
            </Object>
            <Object rmUID="3201PTCS1ETH22">
                <V i="1">3201PTCS1ETH22</V>
                <V i="2">3201PTCS1PSW1504849482394</V>
                <V i="3">3201PTCS1NEL064F0B0A</V>
                <V i="4">3201PTCS1NEL0A4F0B0A</V>
                <V i="5">NA</V>
            </Object>
            <Object rmUID="3201PTCS1ETH23">
                <V i="1">3201PTCS1ETH23</V>
                <V i="2">3201PTCS1PSW1504849482495</V>
                <V i="3">3201PTCS1NEL0A4F0B0A</V>
                <V i="4">3201PTCS1NEL064F0B0A</V>
                <V i="5">NA</V>
            </Object>
            <Object rmUID="3201PTCS1ETH23">
                <V i="1">3201PTCS1ETH23</V>
                <V i="2">3201PTCS1PSW1504849482596</V>
                <V i="3">3201PTCS1NEL084F0B0A</V>
                <V i="4">3201PTCS1NEL0A4F0B0A</V>
                <V i="5">NA</V>
            </Object>
            <Object rmUID="3201PTCS1ETH23">
                <V i="1">3201PTCS1ETH23</V>
                <V i="2">3201PTCS1PSW1504849482697</V>
                <V i="3">3201PTCS1NEL0A4F0B0A</V>
                <V i="4">3201PTCS1NEL074F0B0A</V>
                <V i="5">NA</V>
            </Object>
            <Object rmUID="3201PTCS1ETH24">
                <V i="1">3201PTCS1ETH24</V>
                <V i="2">3201PTCS1PSW1504849482798</V>
                <V i="3">3201PTCS1NEL064F0B0A</V>
                <V i="4">3201PTCS1NEL074F0B0A</V>
                <V i="5">NA</V>
            </Object>
            <Object rmUID="3201PTCS1ETH24">
                <V i="1">3201PTCS1ETH24</V>
                <V i="2">3201PTCS1PSW1504849482899</V>
                <V i="3">3201PTCS1NEL0A4F0B0A</V>
                <V i="4">3201PTCS1NEL064F0B0A</V>
                <V i="5">NA</V>
            </Object>
            <Object rmUID="3201PTCS1ETH24">
                <V i="1">3201PTCS1ETH24</V>
                <V i="2">3201PTCS1PSW1504849483000</V>
                <V i="3">3201PTCS1NEL0A4F0B0A</V>
                <V i="4">3201PTCS1NEL074F0B0A</V>
                <V i="5">NA</V>
            </Object>
            <Object rmUID="3201PTCS1ETH1">
                <V i="1">3201PTCS1ETH1</V>
                <V i="2">3201PTCS1PSW1504939792219</V>
                <V i="3">3201PTCS1NEL014F0B0A</V>
                <V i="4">3201PTCS1NEL074F0B0A</V>
                <V i="5">NA</V>
            </Object>
            <Object rmUID="3201PTCS1ETH2">
                <V i="1">3201PTCS1ETH2</V>
                <V i="2">3201PTCS1PSW1504940009052</V>
                <V i="3">3201PTCS1NEL074F0B0A</V>
                <V i="4">3201PTCS1NEL084F0B0A</V>
                <V i="5">NA</V>
            </Object>
            <Object rmUID="3201PTCS1ETH3">
                <V i="1">3201PTCS1ETH3</V>
                <V i="2">3201PTCS1PSW1504942013444</V>
                <V i="3">3201PTCS1NEL054F0B0A</V>
                <V i="4">3201PTCS1NEL074F0B0A</V>
                <V i="5">NA</V>
            </Object>
            <Object rmUID="3201PTCS1ETH5">
                <V i="1">3201PTCS1ETH5</V>
                <V i="2">3201PTCS1PSW1505203160287</V>
                <V i="3">3201PTCS1NEL034F0B0A</V>
                <V i="4">3201PTCS1NEL024F0B0A</V>
                <V i="5">NA</V>
            </Object>
            <Object rmUID="3201PTCS1ETH6">
                <V i="1">3201PTCS1ETH6</V>
                <V i="2">3201PTCS1PSW1505209337584</V>
                <V i="3">3201PTCS1NEL024F0B0A</V>
                <V i="4">3201PTCS1NEL034F0B0A</V>
                <V i="5">NA</V>
            </Object>
        </FieldValue>
    </Objects>
</DataFile>
