<?xml version="1.0" encoding="utf-8" standalone="yes"?>
<DataFile>
    <FileHeader>
        <TimeStamp>2017-09-12T17:54:05.114+08:00</TimeStamp>
        <TimeZone>UTC+8</TimeZone>
        <VendorName>PT</VendorName>
        <ElementType>PTN</ElementType>
        <CmVersion>V1.0.0</CmVersion>
    </FileHeader>
    <Objects>
        <ObjectType>PWP</ObjectType>
        <FieldName>
            <N i="1">rmUID</N>
            <N i="2">carriePwrmUID</N>
            <N i="3">number</N>
        </FieldName>
        <FieldValue/>
    </Objects>
</DataFile>
