<?xml version="1.0" encoding="utf-8" standalone="yes"?>
<DataFile>
    <FileHeader>
        <TimeStamp>2017-09-12T17:54:03.527+08:00</TimeStamp>
        <TimeZone>UTC+8</TimeZone>
        <VendorName>PT</VendorName>
        <ElementType>PTN</ElementType>
        <CmVersion>V1.0.0</CmVersion>
    </FileHeader>
    <Objects>
        <ObjectType>NEL</ObjectType>
        <FieldName>
            <N i="1">rmUID</N>
            <N i="2">nativeName</N>
            <N i="3">location</N>
            <N i="4">productName</N>
            <N i="5">vendor</N>
            <N i="6">reality</N>
            <N i="7">IPAddress</N>
            <N i="8">controlPlaneIP</N>
            <N i="9">hardwareVersion</N>
            <N i="10">softwareVersion</N>
            <N i="11">maxCapacity</N>
            <N i="12">state</N>
        </FieldName>
        <FieldValue>
            <Object rmUID="3201PTCS1NEL064F0B0A">
                <V i="1">3201PTCS1NEL064F0B0A</V>
                <V i="2">NE6</V>
                <V i="3"></V>
                <V i="4">ECS-2CS25MG3-C</V>
                <V i="5">PT</V>
                <V i="6">real</V>
                <V i="7">10.11.79.6</V>
                <V i="8"></V>
                <V i="9">V1.00</V>
                <V i="10">1.1.0.26</V>
                <V i="11">6G</V>
                <V i="12">avaliable</V>
            </Object>
            <Object rmUID="3201PTCS1NEL054F0B0A">
                <V i="1">3201PTCS1NEL054F0B0A</V>
                <V i="2">NE5</V>
                <V i="3"></V>
                <V i="4">ECS-2CS25MG3-B</V>
                <V i="5">PT</V>
                <V i="6">real</V>
                <V i="7">10.11.79.5</V>
                <V i="8"></V>
                <V i="9">V1.00</V>
                <V i="10">1.1.0.26</V>
                <V i="11">6G</V>
                <V i="12">avaliable</V>
            </Object>
            <Object rmUID="3201PTCS1NEL044F0B0A">
                <V i="1">3201PTCS1NEL044F0B0A</V>
                <V i="2">NE4</V>
                <V i="3"></V>
                <V i="4">ECS-2CS25MG3-A</V>
                <V i="5">PT</V>
                <V i="6">real</V>
                <V i="7">10.11.79.4</V>
                <V i="8"></V>
                <V i="9">V1.00</V>
                <V i="10">1.1.0.26</V>
                <V i="11">5G</V>
                <V i="12">avaliable</V>
            </Object>
            <Object rmUID="3201PTCS1NEL034F0B0A">
                <V i="1">3201PTCS1NEL034F0B0A</V>
                <V i="2">NE3</V>
                <V i="3"></V>
                <V i="4">ECS-2CS25MG3-A</V>
                <V i="5">PT</V>
                <V i="6">real</V>
                <V i="7">10.11.79.3</V>
                <V i="8"></V>
                <V i="9">V1.00</V>
                <V i="10">1.1.0.26</V>
                <V i="11">5G</V>
                <V i="12">avaliable</V>
            </Object>
            <Object rmUID="3201PTCS1NEL024F0B0A">
                <V i="1">3201PTCS1NEL024F0B0A</V>
                <V i="2">NE2</V>
                <V i="3"></V>
                <V i="4">ECS-2CS25MG3-B</V>
                <V i="5">PT</V>
                <V i="6">real</V>
                <V i="7">10.11.79.2</V>
                <V i="8"></V>
                <V i="9">V1.00</V>
                <V i="10">1.1.0.26</V>
                <V i="11">6G</V>
                <V i="12">avaliable</V>
            </Object>
            <Object rmUID="3201PTCS1NEL014F0B0A">
                <V i="1">3201PTCS1NEL014F0B0A</V>
                <V i="2">NE1</V>
                <V i="3"></V>
                <V i="4">ECS-2CS25MG3-C</V>
                <V i="5">PT</V>
                <V i="6">real</V>
                <V i="7">10.11.79.1</V>
                <V i="8"></V>
                <V i="9">V1.00</V>
                <V i="10">1.1.0.26</V>
                <V i="11">6G</V>
                <V i="12">avaliable</V>
            </Object>
            <Object rmUID="3201PTCS1NEL084F0B0A">
                <V i="1">3201PTCS1NEL084F0B0A</V>
                <V i="2">NE8</V>
                <V i="3"></V>
                <V i="4">ECS-2CS25MTG100</V>
                <V i="5">PT</V>
                <V i="6">real</V>
                <V i="7">10.11.79.8</V>
                <V i="8"></V>
                <V i="9">V1.02</V>
                <V i="10">1.1.0.26</V>
                <V i="11">44G</V>
                <V i="12">avaliable</V>
            </Object>
            <Object rmUID="3201PTCS1NEL074F0B0A">
                <V i="1">3201PTCS1NEL074F0B0A</V>
                <V i="2">NE7</V>
                <V i="3"></V>
                <V i="4">ECS-2CS25MTG100</V>
                <V i="5">PT</V>
                <V i="6">real</V>
                <V i="7">10.11.79.7</V>
                <V i="8"></V>
                <V i="9">V1.02</V>
                <V i="10">1.1.0.26</V>
                <V i="11">44G</V>
                <V i="12">avaliable</V>
            </Object>
            <Object rmUID="3201PTCS1NEL0A4F0B0A">
                <V i="1">3201PTCS1NEL0A4F0B0A</V>
                <V i="2">NE10</V>
                <V i="3"></V>
                <V i="4">ECS-2CS25MTG100</V>
                <V i="5">PT</V>
                <V i="6">real</V>
                <V i="7">10.11.79.10</V>
                <V i="8"></V>
                <V i="9">V1.02</V>
                <V i="10">1.1.0.26</V>
                <V i="11">44G</V>
                <V i="12">avaliable</V>
            </Object>
            <Object rmUID="3201PTCS1NEL094F0B0A">
                <V i="1">3201PTCS1NEL094F0B0A</V>
                <V i="2">NE9 </V>
                <V i="3"></V>
                <V i="4">ECS-2CS25MTG100</V>
                <V i="5">PT</V>
                <V i="6">real</V>
                <V i="7">10.11.79.9</V>
                <V i="8"></V>
                <V i="9">V1.02</V>
                <V i="10">1.1.0.26</V>
                <V i="11">44G</V>
                <V i="12">avaliable</V>
            </Object>
            <Object rmUID="3201PTCS1NEL0138220C">
                <V i="1">3201PTCS1NEL0138220C</V>
                <V i="2">dcn自动发现12.34.56.1</V>
                <V i="3"></V>
                <V i="4">UNKNOWN</V>
                <V i="5">PT</V>
                <V i="6">real</V>
                <V i="7">12.34.56.1</V>
                <V i="8"></V>
                <V i="9">N/A</V>
                <V i="10"> </V>
                <V i="11">20G</V>
                <V i="12">unavaliable</V>
            </Object>
            <Object rmUID="3201PTCS1NEL0238220C">
                <V i="1">3201PTCS1NEL0238220C</V>
                <V i="2">dcn自动发现12.34.56.2</V>
                <V i="3"></V>
                <V i="4">UNKNOWN</V>
                <V i="5">PT</V>
                <V i="6">real</V>
                <V i="7">12.34.56.2</V>
                <V i="8"></V>
                <V i="9">N/A</V>
                <V i="10"> </V>
                <V i="11">20G</V>
                <V i="12">unavaliable</V>
            </Object>
            <Object rmUID="3201PTCS1NEL0338220C">
                <V i="1">3201PTCS1NEL0338220C</V>
                <V i="2">dcn自动发现12.34.56.3</V>
                <V i="3"></V>
                <V i="4">UNKNOWN</V>
                <V i="5">PT</V>
                <V i="6">real</V>
                <V i="7">12.34.56.3</V>
                <V i="8"></V>
                <V i="9">N/A</V>
                <V i="10"> </V>
                <V i="11">20G</V>
                <V i="12">unavaliable</V>
            </Object>
            <Object rmUID="3201PTCS1NEL0438220C">
                <V i="1">3201PTCS1NEL0438220C</V>
                <V i="2">dcn自动发现12.34.56.4</V>
                <V i="3"></V>
                <V i="4">UNKNOWN</V>
                <V i="5">PT</V>
                <V i="6">real</V>
                <V i="7">12.34.56.4</V>
                <V i="8"></V>
                <V i="9">N/A</V>
                <V i="10"> </V>
                <V i="11">20G</V>
                <V i="12">unavaliable</V>
            </Object>
            <Object rmUID="3201PTCS1NEL0538220C">
                <V i="1">3201PTCS1NEL0538220C</V>
                <V i="2">dcn自动发现12.34.56.5</V>
                <V i="3"></V>
                <V i="4">UNKNOWN</V>
                <V i="5">PT</V>
                <V i="6">real</V>
                <V i="7">12.34.56.5</V>
                <V i="8"></V>
                <V i="9">N/A</V>
                <V i="10"> </V>
                <V i="11">20G</V>
                <V i="12">unavaliable</V>
            </Object>
            <Object rmUID="3201PTCS1NEL0638220C">
                <V i="1">3201PTCS1NEL0638220C</V>
                <V i="2">dcn自动发现12.34.56.6</V>
                <V i="3"></V>
                <V i="4">UNKNOWN</V>
                <V i="5">PT</V>
                <V i="6">real</V>
                <V i="7">12.34.56.6</V>
                <V i="8"></V>
                <V i="9">N/A</V>
                <V i="10"> </V>
                <V i="11">20G</V>
                <V i="12">unavaliable</V>
            </Object>
            <Object rmUID="3201PTCS1NEL0101017B">
                <V i="1">3201PTCS1NEL0101017B</V>
                <V i="2">dcn自动发现123.1.1.1</V>
                <V i="3"></V>
                <V i="4">UNKNOWN</V>
                <V i="5">PT</V>
                <V i="6">real</V>
                <V i="7">123.1.1.1</V>
                <V i="8"></V>
                <V i="9">N/A</V>
                <V i="10"> </V>
                <V i="11">20G</V>
                <V i="12">unavaliable</V>
            </Object>
            <Object rmUID="3201PTCS1NEL0201017B">
                <V i="1">3201PTCS1NEL0201017B</V>
                <V i="2">dcn自动发现123.1.1.2</V>
                <V i="3"></V>
                <V i="4">UNKNOWN</V>
                <V i="5">PT</V>
                <V i="6">real</V>
                <V i="7">123.1.1.2</V>
                <V i="8"></V>
                <V i="9">N/A</V>
                <V i="10"> </V>
                <V i="11">20G</V>
                <V i="12">unavaliable</V>
            </Object>
            <Object rmUID="3201PTCS1NEL0301017B">
                <V i="1">3201PTCS1NEL0301017B</V>
                <V i="2">dcn自动发现123.1.1.3</V>
                <V i="3"></V>
                <V i="4">UNKNOWN</V>
                <V i="5">PT</V>
                <V i="6">real</V>
                <V i="7">123.1.1.3</V>
                <V i="8"></V>
                <V i="9">N/A</V>
                <V i="10"> </V>
                <V i="11">20G</V>
                <V i="12">unavaliable</V>
            </Object>
            <Object rmUID="3201PTCS1NEL0401017B">
                <V i="1">3201PTCS1NEL0401017B</V>
                <V i="2">dcn自动发现123.1.1.4</V>
                <V i="3"></V>
                <V i="4">UNKNOWN</V>
                <V i="5">PT</V>
                <V i="6">real</V>
                <V i="7">123.1.1.4</V>
                <V i="8"></V>
                <V i="9">N/A</V>
                <V i="10"> </V>
                <V i="11">20G</V>
                <V i="12">unavaliable</V>
            </Object>
            <Object rmUID="3201PTCS1NEL0501017B">
                <V i="1">3201PTCS1NEL0501017B</V>
                <V i="2">dcn自动发现123.1.1.5</V>
                <V i="3"></V>
                <V i="4">UNKNOWN</V>
                <V i="5">PT</V>
                <V i="6">real</V>
                <V i="7">123.1.1.5</V>
                <V i="8"></V>
                <V i="9">N/A</V>
                <V i="10"> </V>
                <V i="11">20G</V>
                <V i="12">unavaliable</V>
            </Object>
            <Object rmUID="3201PTCS1NEL0601017B">
                <V i="1">3201PTCS1NEL0601017B</V>
                <V i="2">dcn自动发现123.1.1.6</V>
                <V i="3"></V>
                <V i="4">UNKNOWN</V>
                <V i="5">PT</V>
                <V i="6">real</V>
                <V i="7">123.1.1.6</V>
                <V i="8"></V>
                <V i="9">N/A</V>
                <V i="10"> </V>
                <V i="11">20G</V>
                <V i="12">unavaliable</V>
            </Object>
            <Object rmUID="3201PTCS1NEL0701017B">
                <V i="1">3201PTCS1NEL0701017B</V>
                <V i="2">dcn自动发现123.1.1.7</V>
                <V i="3"></V>
                <V i="4">UNKNOWN</V>
                <V i="5">PT</V>
                <V i="6">real</V>
                <V i="7">123.1.1.7</V>
                <V i="8"></V>
                <V i="9">N/A</V>
                <V i="10"> </V>
                <V i="11">20G</V>
                <V i="12">unavaliable</V>
            </Object>
            <Object rmUID="3201PTCS1NEL0801017B">
                <V i="1">3201PTCS1NEL0801017B</V>
                <V i="2">dcn自动发现123.1.1.8</V>
                <V i="3"></V>
                <V i="4">UNKNOWN</V>
                <V i="5">PT</V>
                <V i="6">real</V>
                <V i="7">123.1.1.8</V>
                <V i="8"></V>
                <V i="9">N/A</V>
                <V i="10"> </V>
                <V i="11">20G</V>
                <V i="12">unavaliable</V>
            </Object>
            <Object rmUID="3201PTCS1NEL0901017B">
                <V i="1">3201PTCS1NEL0901017B</V>
                <V i="2">dcn自动发现123.1.1.9</V>
                <V i="3"></V>
                <V i="4">UNKNOWN</V>
                <V i="5">PT</V>
                <V i="6">real</V>
                <V i="7">123.1.1.9</V>
                <V i="8"></V>
                <V i="9">N/A</V>
                <V i="10"> </V>
                <V i="11">20G</V>
                <V i="12">unavaliable</V>
            </Object>
        </FieldValue>
    </Objects>
</DataFile>
