<?xml version="1.0" encoding="utf-8" standalone="yes"?>
<DataFile>
    <FileHeader>
        <TimeStamp>2017-09-12T17:54:05.568+08:00</TimeStamp>
        <TimeZone>UTC+8</TimeZone>
        <VendorName>PT</VendorName>
        <ElementType>PTN</ElementType>
        <CmVersion>V1.0.0</CmVersion>
    </FileHeader>
    <Objects>
        <ObjectType>SBN</ObjectType>
        <FieldName>
            <N i="1">rmUID</N>
            <N i="2">nativeName</N>
            <N i="3">parentSubnetrmUID</N>
            <N i="4">xPos</N>
            <N i="5">yPos</N>
        </FieldName>
        <FieldValue>
            <Object rmUID="3201PTCS1SBN0">
                <V i="1">3201PTCS1SBN0</V>
                <V i="2">物理视图</V>
                <V i="3"></V>
                <V i="4">0</V>
                <V i="5">0</V>
            </Object>
            <Object rmUID="3201PTCS1SBN508">
                <V i="1">3201PTCS1SBN508</V>
                <V i="2">真实网元</V>
                <V i="3">3201PTCS1SBN0</V>
                <V i="4">184</V>
                <V i="5">55</V>
            </Object>
        </FieldValue>
    </Objects>
</DataFile>
