TimeStamp=20170918174754|TimeZone=Asia/Shanghai|Period=15|VendorName=PT|ElementType=PTN|PmVersion=V1.2.0|ObjectType=CRD
startTime|rmuid|nativeName|cpu|temperature|mem
2017-09-18 16:00:00|4201SSCS1CRD0A4F0B0A|NE10|25.31|42.26|51.59
2017-09-18 16:15:00|4201SSCS1CRD0A4F0B0A|NE10|24.74|41.33|51.48
2017-09-18 16:30:00|4201SSCS1CRD0A4F0B0A|NE10|26.28|41.20|51.45
2017-09-18 16:45:00|4201SSCS1CRD0A4F0B0A|NE10|25.88|41.86|51.50
2017-09-18 17:00:00|4201SSCS1CRD0A4F0B0A|NE10|25.20|41.46|51.51
2017-09-18 17:15:00|4201SSCS1CRD0A4F0B0A|NE10|25.88|41.33|51.51
2017-09-18 17:30:00|4201SSCS1CRD0A4F0B0A|NE10|26.56|42.93|51.51
2017-09-18 17:45:00|4201SSCS1CRD0A4F0B0A|NE10|25.22|41.86|51.46
