<?xml version="1.0" encoding="utf-8" standalone="yes"?>
<DataFile>
    <FileHeader>
        <TimeStamp>2017-09-12T17:54:05.608+08:00</TimeStamp>
        <TimeZone>UTC+8</TimeZone>
        <VendorName>PT</VendorName>
        <ElementType>PTN</ElementType>
        <CmVersion>V1.0.0</CmVersion>
    </FileHeader>
    <Objects>
        <ObjectType>EPG</ObjectType>
        <FieldName>
            <N i="1">rmUID</N>
            <N i="2">NErmUID</N>
            <N i="3">nativeName</N>
            <N i="4">reversionMode</N>
            <N i="5">type</N>
        </FieldName>
        <FieldValue/>
    </Objects>
</DataFile>
