<?xml version="1.0" encoding="utf-8" standalone="yes"?>
<DataFile>
    <FileHeader>
        <TimeStamp>2017-09-12T17:54:03.560+08:00</TimeStamp>
        <TimeZone>UTC+8</TimeZone>
        <VendorName>PT</VendorName>
        <ElementType>PTN</ElementType>
        <CmVersion>V1.0.0</CmVersion>
    </FileHeader>
    <Objects>
        <ObjectType>EQH</ObjectType>
        <FieldName>
            <N i="1">rmUID</N>
            <N i="2">nermUID</N>
            <N i="3">nativeName</N>
            <N i="4">holderNumber</N>
            <N i="5">holderState</N>
            <N i="6">holderType</N>
            <N i="7">parentHolderrmUID</N>
        </FieldName>
        <FieldValue>
            <Object rmUID="3201PTCS1EQH0000064F0B0A1">
                <V i="1">3201PTCS1EQH0000064F0B0A1</V>
                <V i="2">3201PTCS1NEL064F0B0A</V>
                <V i="3">10011079006_Rack1</V>
                <V i="4">1</V>
                <V i="5">INSTALLED_AND_EXPECTED</V>
                <V i="6">rack</V>
                <V i="7">3201PTCS1EQH0000064F0B0A1</V>
            </Object>
            <Object rmUID="3201PTCS1EQH0000054F0B0A1">
                <V i="1">3201PTCS1EQH0000054F0B0A1</V>
                <V i="2">3201PTCS1NEL054F0B0A</V>
                <V i="3">10011079005_Rack1</V>
                <V i="4">1</V>
                <V i="5">INSTALLED_AND_EXPECTED</V>
                <V i="6">rack</V>
                <V i="7">3201PTCS1EQH0000054F0B0A1</V>
            </Object>
            <Object rmUID="3201PTCS1EQH0000044F0B0A1">
                <V i="1">3201PTCS1EQH0000044F0B0A1</V>
                <V i="2">3201PTCS1NEL044F0B0A</V>
                <V i="3">10011079004_Rack1</V>
                <V i="4">1</V>
                <V i="5">INSTALLED_AND_EXPECTED</V>
                <V i="6">rack</V>
                <V i="7">3201PTCS1EQH0000044F0B0A1</V>
            </Object>
            <Object rmUID="3201PTCS1EQH0000034F0B0A1">
                <V i="1">3201PTCS1EQH0000034F0B0A1</V>
                <V i="2">3201PTCS1NEL034F0B0A</V>
                <V i="3">10011079003_Rack1</V>
                <V i="4">1</V>
                <V i="5">INSTALLED_AND_EXPECTED</V>
                <V i="6">rack</V>
                <V i="7">3201PTCS1EQH0000034F0B0A1</V>
            </Object>
            <Object rmUID="3201PTCS1EQH0000024F0B0A1">
                <V i="1">3201PTCS1EQH0000024F0B0A1</V>
                <V i="2">3201PTCS1NEL024F0B0A</V>
                <V i="3">10011079002_Rack1</V>
                <V i="4">1</V>
                <V i="5">INSTALLED_AND_EXPECTED</V>
                <V i="6">rack</V>
                <V i="7">3201PTCS1EQH0000024F0B0A1</V>
            </Object>
            <Object rmUID="3201PTCS1EQH0000014F0B0A1">
                <V i="1">3201PTCS1EQH0000014F0B0A1</V>
                <V i="2">3201PTCS1NEL014F0B0A</V>
                <V i="3">10011079001_Rack1</V>
                <V i="4">1</V>
                <V i="5">INSTALLED_AND_EXPECTED</V>
                <V i="6">rack</V>
                <V i="7">3201PTCS1EQH0000014F0B0A1</V>
            </Object>
            <Object rmUID="3201PTCS1EQH0000084F0B0A1">
                <V i="1">3201PTCS1EQH0000084F0B0A1</V>
                <V i="2">3201PTCS1NEL084F0B0A</V>
                <V i="3">10011079008_Rack1</V>
                <V i="4">1</V>
                <V i="5">INSTALLED_AND_EXPECTED</V>
                <V i="6">rack</V>
                <V i="7">3201PTCS1EQH0000084F0B0A1</V>
            </Object>
            <Object rmUID="3201PTCS1EQH0000074F0B0A1">
                <V i="1">3201PTCS1EQH0000074F0B0A1</V>
                <V i="2">3201PTCS1NEL074F0B0A</V>
                <V i="3">10011079007_Rack1</V>
                <V i="4">1</V>
                <V i="5">INSTALLED_AND_EXPECTED</V>
                <V i="6">rack</V>
                <V i="7">3201PTCS1EQH0000074F0B0A1</V>
            </Object>
            <Object rmUID="3201PTCS1EQH00000A4F0B0A1">
                <V i="1">3201PTCS1EQH00000A4F0B0A1</V>
                <V i="2">3201PTCS1NEL0A4F0B0A</V>
                <V i="3">10011079010_Rack1</V>
                <V i="4">1</V>
                <V i="5">INSTALLED_AND_EXPECTED</V>
                <V i="6">rack</V>
                <V i="7">3201PTCS1EQH00000A4F0B0A1</V>
            </Object>
            <Object rmUID="3201PTCS1EQH0000094F0B0A1">
                <V i="1">3201PTCS1EQH0000094F0B0A1</V>
                <V i="2">3201PTCS1NEL094F0B0A</V>
                <V i="3">10011079009_Rack1</V>
                <V i="4">1</V>
                <V i="5">INSTALLED_AND_EXPECTED</V>
                <V i="6">rack</V>
                <V i="7">3201PTCS1EQH0000094F0B0A1</V>
            </Object>
            <Object rmUID="3201PTCS1EQH0001064F0B0A1">
                <V i="1">3201PTCS1EQH0001064F0B0A1</V>
                <V i="2">3201PTCS1NEL064F0B0A</V>
                <V i="3">10011079006_Shelf1</V>
                <V i="4">1</V>
                <V i="5">INSTALLED_AND_EXPECTED</V>
                <V i="6">shelf</V>
                <V i="7">3201PTCS1EQH0000064F0B0A1</V>
            </Object>
            <Object rmUID="3201PTCS1EQH0001054F0B0A1">
                <V i="1">3201PTCS1EQH0001054F0B0A1</V>
                <V i="2">3201PTCS1NEL054F0B0A</V>
                <V i="3">10011079005_Shelf1</V>
                <V i="4">1</V>
                <V i="5">INSTALLED_AND_EXPECTED</V>
                <V i="6">shelf</V>
                <V i="7">3201PTCS1EQH0000054F0B0A1</V>
            </Object>
            <Object rmUID="3201PTCS1EQH0001044F0B0A1">
                <V i="1">3201PTCS1EQH0001044F0B0A1</V>
                <V i="2">3201PTCS1NEL044F0B0A</V>
                <V i="3">10011079004_Shelf1</V>
                <V i="4">1</V>
                <V i="5">INSTALLED_AND_EXPECTED</V>
                <V i="6">shelf</V>
                <V i="7">3201PTCS1EQH0000044F0B0A1</V>
            </Object>
            <Object rmUID="3201PTCS1EQH0001034F0B0A1">
                <V i="1">3201PTCS1EQH0001034F0B0A1</V>
                <V i="2">3201PTCS1NEL034F0B0A</V>
                <V i="3">10011079003_Shelf1</V>
                <V i="4">1</V>
                <V i="5">INSTALLED_AND_EXPECTED</V>
                <V i="6">shelf</V>
                <V i="7">3201PTCS1EQH0000034F0B0A1</V>
            </Object>
            <Object rmUID="3201PTCS1EQH0001024F0B0A1">
                <V i="1">3201PTCS1EQH0001024F0B0A1</V>
                <V i="2">3201PTCS1NEL024F0B0A</V>
                <V i="3">10011079002_Shelf1</V>
                <V i="4">1</V>
                <V i="5">INSTALLED_AND_EXPECTED</V>
                <V i="6">shelf</V>
                <V i="7">3201PTCS1EQH0000024F0B0A1</V>
            </Object>
            <Object rmUID="3201PTCS1EQH0001014F0B0A1">
                <V i="1">3201PTCS1EQH0001014F0B0A1</V>
                <V i="2">3201PTCS1NEL014F0B0A</V>
                <V i="3">10011079001_Shelf1</V>
                <V i="4">1</V>
                <V i="5">INSTALLED_AND_EXPECTED</V>
                <V i="6">shelf</V>
                <V i="7">3201PTCS1EQH0000014F0B0A1</V>
            </Object>
            <Object rmUID="3201PTCS1EQH0001084F0B0A1">
                <V i="1">3201PTCS1EQH0001084F0B0A1</V>
                <V i="2">3201PTCS1NEL084F0B0A</V>
                <V i="3">10011079008_Shelf1</V>
                <V i="4">1</V>
                <V i="5">INSTALLED_AND_EXPECTED</V>
                <V i="6">shelf</V>
                <V i="7">3201PTCS1EQH0000084F0B0A1</V>
            </Object>
            <Object rmUID="3201PTCS1EQH0001074F0B0A1">
                <V i="1">3201PTCS1EQH0001074F0B0A1</V>
                <V i="2">3201PTCS1NEL074F0B0A</V>
                <V i="3">10011079007_Shelf1</V>
                <V i="4">1</V>
                <V i="5">INSTALLED_AND_EXPECTED</V>
                <V i="6">shelf</V>
                <V i="7">3201PTCS1EQH0000074F0B0A1</V>
            </Object>
            <Object rmUID="3201PTCS1EQH00010A4F0B0A1">
                <V i="1">3201PTCS1EQH00010A4F0B0A1</V>
                <V i="2">3201PTCS1NEL0A4F0B0A</V>
                <V i="3">10011079010_Shelf1</V>
                <V i="4">1</V>
                <V i="5">INSTALLED_AND_EXPECTED</V>
                <V i="6">shelf</V>
                <V i="7">3201PTCS1EQH00000A4F0B0A1</V>
            </Object>
            <Object rmUID="3201PTCS1EQH0001094F0B0A1">
                <V i="1">3201PTCS1EQH0001094F0B0A1</V>
                <V i="2">3201PTCS1NEL094F0B0A</V>
                <V i="3">10011079009_Shelf1</V>
                <V i="4">1</V>
                <V i="5">INSTALLED_AND_EXPECTED</V>
                <V i="6">shelf</V>
                <V i="7">3201PTCS1EQH0000094F0B0A1</V>
            </Object>
            <Object rmUID="3201PTCS1EQH0002064F0B0A">
                <V i="1">3201PTCS1EQH0002064F0B0A</V>
                <V i="2">3201PTCS1NEL064F0B0A</V>
                <V i="3">Agent10011079006_Slot0</V>
                <V i="4">1</V>
                <V i="5">INSTALLED_AND_EXPECTED</V>
                <V i="6">slot</V>
                <V i="7">3201PTCS1EQH0001064F0B0A1</V>
            </Object>
            <Object rmUID="3201PTCS1EQH0002054F0B0A">
                <V i="1">3201PTCS1EQH0002054F0B0A</V>
                <V i="2">3201PTCS1NEL054F0B0A</V>
                <V i="3">Agent10011079005_Slot0</V>
                <V i="4">1</V>
                <V i="5">INSTALLED_AND_EXPECTED</V>
                <V i="6">slot</V>
                <V i="7">3201PTCS1EQH0001054F0B0A1</V>
            </Object>
            <Object rmUID="3201PTCS1EQH0002044F0B0A">
                <V i="1">3201PTCS1EQH0002044F0B0A</V>
                <V i="2">3201PTCS1NEL044F0B0A</V>
                <V i="3">Agent10011079004_Slot0</V>
                <V i="4">1</V>
                <V i="5">INSTALLED_AND_EXPECTED</V>
                <V i="6">slot</V>
                <V i="7">3201PTCS1EQH0001044F0B0A1</V>
            </Object>
            <Object rmUID="3201PTCS1EQH0002034F0B0A">
                <V i="1">3201PTCS1EQH0002034F0B0A</V>
                <V i="2">3201PTCS1NEL034F0B0A</V>
                <V i="3">Agent10011079003_Slot0</V>
                <V i="4">1</V>
                <V i="5">INSTALLED_AND_EXPECTED</V>
                <V i="6">slot</V>
                <V i="7">3201PTCS1EQH0001034F0B0A1</V>
            </Object>
            <Object rmUID="3201PTCS1EQH0002024F0B0A">
                <V i="1">3201PTCS1EQH0002024F0B0A</V>
                <V i="2">3201PTCS1NEL024F0B0A</V>
                <V i="3">Agent10011079002_Slot0</V>
                <V i="4">1</V>
                <V i="5">INSTALLED_AND_EXPECTED</V>
                <V i="6">slot</V>
                <V i="7">3201PTCS1EQH0001024F0B0A1</V>
            </Object>
            <Object rmUID="3201PTCS1EQH0002014F0B0A">
                <V i="1">3201PTCS1EQH0002014F0B0A</V>
                <V i="2">3201PTCS1NEL014F0B0A</V>
                <V i="3">Agent10011079001_Slot0</V>
                <V i="4">1</V>
                <V i="5">INSTALLED_AND_EXPECTED</V>
                <V i="6">slot</V>
                <V i="7">3201PTCS1EQH0001014F0B0A1</V>
            </Object>
            <Object rmUID="3201PTCS1EQH0002084F0B0A">
                <V i="1">3201PTCS1EQH0002084F0B0A</V>
                <V i="2">3201PTCS1NEL084F0B0A</V>
                <V i="3">Agent10011079008_Slot0</V>
                <V i="4">1</V>
                <V i="5">INSTALLED_AND_EXPECTED</V>
                <V i="6">slot</V>
                <V i="7">3201PTCS1EQH0001084F0B0A1</V>
            </Object>
            <Object rmUID="3201PTCS1EQH0002084F0B0A1">
                <V i="1">3201PTCS1EQH0002084F0B0A1</V>
                <V i="2">3201PTCS1NEL084F0B0A</V>
                <V i="3">Agent10011079008_Slot1</V>
                <V i="4">1</V>
                <V i="5">EMPTY</V>
                <V i="6">slot</V>
                <V i="7">3201PTCS1EQH0001084F0B0A1</V>
            </Object>
            <Object rmUID="3201PTCS1EQH0002084F0B0A2">
                <V i="1">3201PTCS1EQH0002084F0B0A2</V>
                <V i="2">3201PTCS1NEL084F0B0A</V>
                <V i="3">Agent10011079008_Slot2</V>
                <V i="4">1</V>
                <V i="5">EMPTY</V>
                <V i="6">slot</V>
                <V i="7">3201PTCS1EQH0001084F0B0A1</V>
            </Object>
            <Object rmUID="3201PTCS1EQH0002084F0B0A3">
                <V i="1">3201PTCS1EQH0002084F0B0A3</V>
                <V i="2">3201PTCS1NEL084F0B0A</V>
                <V i="3">Agent10011079008_Slot3</V>
                <V i="4">1</V>
                <V i="5">EMPTY</V>
                <V i="6">slot</V>
                <V i="7">3201PTCS1EQH0001084F0B0A1</V>
            </Object>
            <Object rmUID="3201PTCS1EQH0002084F0B0A4">
                <V i="1">3201PTCS1EQH0002084F0B0A4</V>
                <V i="2">3201PTCS1NEL084F0B0A</V>
                <V i="3">Agent10011079008_Slot4</V>
                <V i="4">1</V>
                <V i="5">EMPTY</V>
                <V i="6">slot</V>
                <V i="7">3201PTCS1EQH0001084F0B0A1</V>
            </Object>
            <Object rmUID="3201PTCS1EQH0002084F0B0A5">
                <V i="1">3201PTCS1EQH0002084F0B0A5</V>
                <V i="2">3201PTCS1NEL084F0B0A</V>
                <V i="3">Agent10011079008_Slot5</V>
                <V i="4">1</V>
                <V i="5">EMPTY</V>
                <V i="6">slot</V>
                <V i="7">3201PTCS1EQH0001084F0B0A1</V>
            </Object>
            <Object rmUID="3201PTCS1EQH0002084F0B0A6">
                <V i="1">3201PTCS1EQH0002084F0B0A6</V>
                <V i="2">3201PTCS1NEL084F0B0A</V>
                <V i="3">Agent10011079008_Slot6</V>
                <V i="4">1</V>
                <V i="5">EMPTY</V>
                <V i="6">slot</V>
                <V i="7">3201PTCS1EQH0001084F0B0A1</V>
            </Object>
            <Object rmUID="3201PTCS1EQH0002074F0B0A">
                <V i="1">3201PTCS1EQH0002074F0B0A</V>
                <V i="2">3201PTCS1NEL074F0B0A</V>
                <V i="3">Agent10011079007_Slot0</V>
                <V i="4">1</V>
                <V i="5">INSTALLED_AND_EXPECTED</V>
                <V i="6">slot</V>
                <V i="7">3201PTCS1EQH0001074F0B0A1</V>
            </Object>
            <Object rmUID="3201PTCS1EQH0002074F0B0A1">
                <V i="1">3201PTCS1EQH0002074F0B0A1</V>
                <V i="2">3201PTCS1NEL074F0B0A</V>
                <V i="3">Agent10011079007_Slot1</V>
                <V i="4">1</V>
                <V i="5">EMPTY</V>
                <V i="6">slot</V>
                <V i="7">3201PTCS1EQH0001074F0B0A1</V>
            </Object>
            <Object rmUID="3201PTCS1EQH0002074F0B0A2">
                <V i="1">3201PTCS1EQH0002074F0B0A2</V>
                <V i="2">3201PTCS1NEL074F0B0A</V>
                <V i="3">Agent10011079007_Slot2</V>
                <V i="4">1</V>
                <V i="5">EMPTY</V>
                <V i="6">slot</V>
                <V i="7">3201PTCS1EQH0001074F0B0A1</V>
            </Object>
            <Object rmUID="3201PTCS1EQH0002074F0B0A3">
                <V i="1">3201PTCS1EQH0002074F0B0A3</V>
                <V i="2">3201PTCS1NEL074F0B0A</V>
                <V i="3">Agent10011079007_Slot3</V>
                <V i="4">1</V>
                <V i="5">EMPTY</V>
                <V i="6">slot</V>
                <V i="7">3201PTCS1EQH0001074F0B0A1</V>
            </Object>
            <Object rmUID="3201PTCS1EQH0002074F0B0A4">
                <V i="1">3201PTCS1EQH0002074F0B0A4</V>
                <V i="2">3201PTCS1NEL074F0B0A</V>
                <V i="3">Agent10011079007_Slot4</V>
                <V i="4">1</V>
                <V i="5">EMPTY</V>
                <V i="6">slot</V>
                <V i="7">3201PTCS1EQH0001074F0B0A1</V>
            </Object>
            <Object rmUID="3201PTCS1EQH0002074F0B0A5">
                <V i="1">3201PTCS1EQH0002074F0B0A5</V>
                <V i="2">3201PTCS1NEL074F0B0A</V>
                <V i="3">Agent10011079007_Slot5</V>
                <V i="4">1</V>
                <V i="5">EMPTY</V>
                <V i="6">slot</V>
                <V i="7">3201PTCS1EQH0001074F0B0A1</V>
            </Object>
            <Object rmUID="3201PTCS1EQH0002074F0B0A6">
                <V i="1">3201PTCS1EQH0002074F0B0A6</V>
                <V i="2">3201PTCS1NEL074F0B0A</V>
                <V i="3">Agent10011079007_Slot6</V>
                <V i="4">1</V>
                <V i="5">EMPTY</V>
                <V i="6">slot</V>
                <V i="7">3201PTCS1EQH0001074F0B0A1</V>
            </Object>
            <Object rmUID="3201PTCS1EQH00020A4F0B0A">
                <V i="1">3201PTCS1EQH00020A4F0B0A</V>
                <V i="2">3201PTCS1NEL0A4F0B0A</V>
                <V i="3">Agent10011079010_Slot0</V>
                <V i="4">1</V>
                <V i="5">INSTALLED_AND_EXPECTED</V>
                <V i="6">slot</V>
                <V i="7">3201PTCS1EQH00010A4F0B0A1</V>
            </Object>
            <Object rmUID="3201PTCS1EQH00020A4F0B0A1">
                <V i="1">3201PTCS1EQH00020A4F0B0A1</V>
                <V i="2">3201PTCS1NEL0A4F0B0A</V>
                <V i="3">Agent10011079010_Slot1</V>
                <V i="4">1</V>
                <V i="5">EMPTY</V>
                <V i="6">slot</V>
                <V i="7">3201PTCS1EQH00010A4F0B0A1</V>
            </Object>
            <Object rmUID="3201PTCS1EQH00020A4F0B0A2">
                <V i="1">3201PTCS1EQH00020A4F0B0A2</V>
                <V i="2">3201PTCS1NEL0A4F0B0A</V>
                <V i="3">Agent10011079010_Slot2</V>
                <V i="4">1</V>
                <V i="5">EMPTY</V>
                <V i="6">slot</V>
                <V i="7">3201PTCS1EQH00010A4F0B0A1</V>
            </Object>
            <Object rmUID="3201PTCS1EQH00020A4F0B0A3">
                <V i="1">3201PTCS1EQH00020A4F0B0A3</V>
                <V i="2">3201PTCS1NEL0A4F0B0A</V>
                <V i="3">Agent10011079010_Slot3</V>
                <V i="4">1</V>
                <V i="5">EMPTY</V>
                <V i="6">slot</V>
                <V i="7">3201PTCS1EQH00010A4F0B0A1</V>
            </Object>
            <Object rmUID="3201PTCS1EQH00020A4F0B0A4">
                <V i="1">3201PTCS1EQH00020A4F0B0A4</V>
                <V i="2">3201PTCS1NEL0A4F0B0A</V>
                <V i="3">Agent10011079010_Slot4</V>
                <V i="4">1</V>
                <V i="5">EMPTY</V>
                <V i="6">slot</V>
                <V i="7">3201PTCS1EQH00010A4F0B0A1</V>
            </Object>
            <Object rmUID="3201PTCS1EQH00020A4F0B0A5">
                <V i="1">3201PTCS1EQH00020A4F0B0A5</V>
                <V i="2">3201PTCS1NEL0A4F0B0A</V>
                <V i="3">Agent10011079010_Slot5</V>
                <V i="4">1</V>
                <V i="5">EMPTY</V>
                <V i="6">slot</V>
                <V i="7">3201PTCS1EQH00010A4F0B0A1</V>
            </Object>
            <Object rmUID="3201PTCS1EQH00020A4F0B0A6">
                <V i="1">3201PTCS1EQH00020A4F0B0A6</V>
                <V i="2">3201PTCS1NEL0A4F0B0A</V>
                <V i="3">Agent10011079010_Slot6</V>
                <V i="4">1</V>
                <V i="5">EMPTY</V>
                <V i="6">slot</V>
                <V i="7">3201PTCS1EQH00010A4F0B0A1</V>
            </Object>
            <Object rmUID="3201PTCS1EQH0002094F0B0A">
                <V i="1">3201PTCS1EQH0002094F0B0A</V>
                <V i="2">3201PTCS1NEL094F0B0A</V>
                <V i="3">Agent10011079009_Slot0</V>
                <V i="4">1</V>
                <V i="5">INSTALLED_AND_EXPECTED</V>
                <V i="6">slot</V>
                <V i="7">3201PTCS1EQH0001094F0B0A1</V>
            </Object>
            <Object rmUID="3201PTCS1EQH0002094F0B0A1">
                <V i="1">3201PTCS1EQH0002094F0B0A1</V>
                <V i="2">3201PTCS1NEL094F0B0A</V>
                <V i="3">Agent10011079009_Slot1</V>
                <V i="4">1</V>
                <V i="5">EMPTY</V>
                <V i="6">slot</V>
                <V i="7">3201PTCS1EQH0001094F0B0A1</V>
            </Object>
            <Object rmUID="3201PTCS1EQH0002094F0B0A2">
                <V i="1">3201PTCS1EQH0002094F0B0A2</V>
                <V i="2">3201PTCS1NEL094F0B0A</V>
                <V i="3">Agent10011079009_Slot2</V>
                <V i="4">1</V>
                <V i="5">EMPTY</V>
                <V i="6">slot</V>
                <V i="7">3201PTCS1EQH0001094F0B0A1</V>
            </Object>
            <Object rmUID="3201PTCS1EQH0002094F0B0A3">
                <V i="1">3201PTCS1EQH0002094F0B0A3</V>
                <V i="2">3201PTCS1NEL094F0B0A</V>
                <V i="3">Agent10011079009_Slot3</V>
                <V i="4">1</V>
                <V i="5">EMPTY</V>
                <V i="6">slot</V>
                <V i="7">3201PTCS1EQH0001094F0B0A1</V>
            </Object>
            <Object rmUID="3201PTCS1EQH0002094F0B0A4">
                <V i="1">3201PTCS1EQH0002094F0B0A4</V>
                <V i="2">3201PTCS1NEL094F0B0A</V>
                <V i="3">Agent10011079009_Slot4</V>
                <V i="4">1</V>
                <V i="5">EMPTY</V>
                <V i="6">slot</V>
                <V i="7">3201PTCS1EQH0001094F0B0A1</V>
            </Object>
            <Object rmUID="3201PTCS1EQH0002094F0B0A5">
                <V i="1">3201PTCS1EQH0002094F0B0A5</V>
                <V i="2">3201PTCS1NEL094F0B0A</V>
                <V i="3">Agent10011079009_Slot5</V>
                <V i="4">1</V>
                <V i="5">EMPTY</V>
                <V i="6">slot</V>
                <V i="7">3201PTCS1EQH0001094F0B0A1</V>
            </Object>
            <Object rmUID="3201PTCS1EQH0002094F0B0A6">
                <V i="1">3201PTCS1EQH0002094F0B0A6</V>
                <V i="2">3201PTCS1NEL094F0B0A</V>
                <V i="3">Agent10011079009_Slot6</V>
                <V i="4">1</V>
                <V i="5">EMPTY</V>
                <V i="6">slot</V>
                <V i="7">3201PTCS1EQH0001094F0B0A1</V>
            </Object>
        </FieldValue>
    </Objects>
</DataFile>
