<?xml version="1.0" encoding="utf-8" standalone="yes"?>
<DataFile>
    <FileHeader>
        <TimeStamp>2017-09-12T17:54:05.243+08:00</TimeStamp>
        <TimeZone>UTC+8</TimeZone>
        <VendorName>PT</VendorName>
        <ElementType>PTN</ElementType>
        <CmVersion>V1.0.0</CmVersion>
    </FileHeader>
    <Objects>
        <ObjectType>ETH</ObjectType>
        <FieldName>
            <N i="1">rmUID</N>
            <N i="2">nativeName</N>
            <N i="3">serviceType</N>
            <N i="4">direction</N>
            <N i="5">owner</N>
            <N i="6">owneSserviceType</N>
            <N i="7">activeState</N>
            <N i="8">CIR</N>
            <N i="9">PIR</N>
        </FieldName>
        <FieldValue>
            <Object rmUID="3201PTCS1ETH17">
                <V i="1">3201PTCS1ETH17</V>
                <V i="2">571_571</V>
                <V i="3">E-LINE</V>
                <V i="4">CD_BI</V>
                <V i="5"></V>
                <V i="6">本地集客</V>
                <V i="7">ACTIVE</V>
                <V i="8"></V>
                <V i="9"></V>
            </Object>
            <Object rmUID="3201PTCS1ETH18">
                <V i="1">3201PTCS1ETH18</V>
                <V i="2">elan201_elan201_elan201</V>
                <V i="3">E-LAN</V>
                <V i="4">CD_BI</V>
                <V i="5"></V>
                <V i="6">本地集客</V>
                <V i="7">ACTIVE</V>
                <V i="8"></V>
                <V i="9"></V>
            </Object>
            <Object rmUID="3201PTCS1ETH21">
                <V i="1">3201PTCS1ETH21</V>
                <V i="2">eline49_eline49</V>
                <V i="3">E-LINE</V>
                <V i="4">CD_BI</V>
                <V i="5"></V>
                <V i="6">本地集客</V>
                <V i="7">ACTIVE</V>
                <V i="8"></V>
                <V i="9"></V>
            </Object>
            <Object rmUID="3201PTCS1ETH22">
                <V i="1">3201PTCS1ETH22</V>
                <V i="2">etree67801_etree67801_etree67801_etree67801</V>
                <V i="3">E-TREE</V>
                <V i="4">CD_BI</V>
                <V i="5"></V>
                <V i="6">本地集客</V>
                <V i="7">ACTIVE</V>
                <V i="8"></V>
                <V i="9"></V>
            </Object>
            <Object rmUID="3201PTCS1ETH23">
                <V i="1">3201PTCS1ETH23</V>
                <V i="2">etree6780_etree6780_etree6780_etree6780</V>
                <V i="3">E-TREE</V>
                <V i="4">CD_BI</V>
                <V i="5"></V>
                <V i="6">本地集客</V>
                <V i="7">ACTIVE</V>
                <V i="8"></V>
                <V i="9"></V>
            </Object>
            <Object rmUID="3201PTCS1ETH24">
                <V i="1">3201PTCS1ETH24</V>
                <V i="2">elan670_elan670_elan670</V>
                <V i="3">E-LAN</V>
                <V i="4">CD_BI</V>
                <V i="5"></V>
                <V i="6">本地集客</V>
                <V i="7">ACTIVE</V>
                <V i="8"></V>
                <V i="9"></V>
            </Object>
            <Object rmUID="3201PTCS1ETH1">
                <V i="1">3201PTCS1ETH1</V>
                <V i="2">1比12</V>
                <V i="3">E-LINE</V>
                <V i="4">CD_BI</V>
                <V i="5">12</V>
                <V i="6">本地集客</V>
                <V i="7">ACTIVE</V>
                <V i="8"></V>
                <V i="9"></V>
            </Object>
            <Object rmUID="3201PTCS1ETH2">
                <V i="1">3201PTCS1ETH2</V>
                <V i="2">78</V>
                <V i="3">E-LINE</V>
                <V i="4">CD_BI</V>
                <V i="5">78</V>
                <V i="6">本地集客</V>
                <V i="7">ACTIVE</V>
                <V i="8"></V>
                <V i="9"></V>
            </Object>
            <Object rmUID="3201PTCS1ETH3">
                <V i="1">3201PTCS1ETH3</V>
                <V i="2">5757</V>
                <V i="3">E-LINE</V>
                <V i="4">CD_BI</V>
                <V i="5">5757</V>
                <V i="6">本地集客</V>
                <V i="7">ACTIVE</V>
                <V i="8"></V>
                <V i="9"></V>
            </Object>
            <Object rmUID="3201PTCS1ETH5">
                <V i="1">3201PTCS1ETH5</V>
                <V i="2">231</V>
                <V i="3">E-LINE</V>
                <V i="4">CD_BI</V>
                <V i="5">231</V>
                <V i="6">本地集客</V>
                <V i="7">ACTIVE</V>
                <V i="8"></V>
                <V i="9"></V>
            </Object>
            <Object rmUID="3201PTCS1ETH6">
                <V i="1">3201PTCS1ETH6</V>
                <V i="2">232</V>
                <V i="3">E-LINE</V>
                <V i="4">CD_BI</V>
                <V i="5">232</V>
                <V i="6">本地集客</V>
                <V i="7">ACTIVE</V>
                <V i="8"></V>
                <V i="9"></V>
            </Object>
        </FieldValue>
    </Objects>
</DataFile>
