<?xml version="1.0" encoding="utf-8" standalone="yes"?>
<DataFile>
    <FileHeader>
        <TimeStamp>2017-09-12T17:54:05.091+08:00</TimeStamp>
        <TimeZone>UTC+8</TimeZone>
        <VendorName>PT</VendorName>
        <ElementType>PTN</ElementType>
        <CmVersion>V1.0.0</CmVersion>
    </FileHeader>
    <Objects>
        <ObjectType>PSW</ObjectType>
        <FieldName>
            <N i="1">rmUID</N>
            <N i="2">direction</N>
            <N i="3">aEndTprmUID</N>
            <N i="4">aEndNermUID</N>
            <N i="5">zEndTprmUID</N>
            <N i="6">zEndNermUID</N>
            <N i="7">nativeName</N>
            <N i="8">aEndPortrmUID</N>
            <N i="9">zEndPortrmUID</N>
            <N i="10">activeState</N>
            <N i="11">aEndIngressCIR</N>
            <N i="12">aEndIngressPIR</N>
            <N i="13">aEndEgressCIR</N>
            <N i="14">aEndEgressPIR</N>
            <N i="15">zEndIngressCIR</N>
            <N i="16">zEndIngressPIR</N>
            <N i="17">zEndEgressCIR</N>
            <N i="18">zEndEgressPIR</N>
        </FieldName>
        <FieldValue>
            <Object rmUID="3201PTCS1PSW1504849481495">
                <V i="1">3201PTCS1PSW1504849481495</V>
                <V i="2">CD_BI</V>
                <V i="3">3201PTCS1ETP074F0B0A524297</V>
                <V i="4">3201PTCS1NEL074F0B0A</V>
                <V i="5">3201PTCS1ETP054F0B0A524289</V>
                <V i="6">3201PTCS1NEL054F0B0A</V>
                <V i="7">571</V>
                <V i="8"></V>
                <V i="9"></V>
                <V i="10">ACTIVE</V>
                <V i="11">0</V>
                <V i="12">1000000</V>
                <V i="13">0</V>
                <V i="14">1000000</V>
                <V i="15">0</V>
                <V i="16">1000000</V>
                <V i="17">0</V>
                <V i="18">1000000</V>
            </Object>
            <Object rmUID="3201PTCS1PSW1504849481596">
                <V i="1">3201PTCS1PSW1504849481596</V>
                <V i="2">CD_BI</V>
                <V i="3">3201PTCS1ETP064F0B0A524292</V>
                <V i="4">3201PTCS1NEL064F0B0A</V>
                <V i="5">3201PTCS1ETP074F0B0A524292</V>
                <V i="6">3201PTCS1NEL074F0B0A</V>
                <V i="7">elan671</V>
                <V i="8"></V>
                <V i="9"></V>
                <V i="10">ACTIVE</V>
                <V i="11">0</V>
                <V i="12">1000000</V>
                <V i="13">0</V>
                <V i="14">1000000</V>
                <V i="15">0</V>
                <V i="16">1000000</V>
                <V i="17">0</V>
                <V i="18">1000000</V>
            </Object>
            <Object rmUID="3201PTCS1PSW1504849481687">
                <V i="1">3201PTCS1PSW1504849481687</V>
                <V i="2">CD_BI</V>
                <V i="3">3201PTCS1ETP0A4F0B0A524292</V>
                <V i="4">3201PTCS1NEL0A4F0B0A</V>
                <V i="5">3201PTCS1ETP064F0B0A524291</V>
                <V i="6">3201PTCS1NEL064F0B0A</V>
                <V i="7">elan601</V>
                <V i="8"></V>
                <V i="9"></V>
                <V i="10">ACTIVE</V>
                <V i="11">0</V>
                <V i="12">1000000</V>
                <V i="13">0</V>
                <V i="14">1000000</V>
                <V i="15">0</V>
                <V i="16">1000000</V>
                <V i="17">0</V>
                <V i="18">1000000</V>
            </Object>
            <Object rmUID="3201PTCS1PSW1504849481788">
                <V i="1">3201PTCS1PSW1504849481788</V>
                <V i="2">CD_BI</V>
                <V i="3">3201PTCS1ETP0A4F0B0A524291</V>
                <V i="4">3201PTCS1NEL0A4F0B0A</V>
                <V i="5">3201PTCS1ETP074F0B0A524291</V>
                <V i="6">3201PTCS1NEL074F0B0A</V>
                <V i="7">elan701</V>
                <V i="8"></V>
                <V i="9"></V>
                <V i="10">ACTIVE</V>
                <V i="11">0</V>
                <V i="12">1000000</V>
                <V i="13">0</V>
                <V i="14">1000000</V>
                <V i="15">0</V>
                <V i="16">1000000</V>
                <V i="17">0</V>
                <V i="18">1000000</V>
            </Object>
            <Object rmUID="3201PTCS1PSW1504849481889">
                <V i="1">3201PTCS1PSW1504849481889</V>
                <V i="2">CD_BI</V>
                <V i="3">3201PTCS1ETP0A4F0B0A589825</V>
                <V i="4">3201PTCS1NEL0A4F0B0A</V>
                <V i="5">3201PTCS1ETP064F0B0A589825</V>
                <V i="6">3201PTCS1NEL064F0B0A</V>
                <V i="7">ces60</V>
                <V i="8"></V>
                <V i="9"></V>
                <V i="10">ACTIVE</V>
                <V i="11">0</V>
                <V i="12">1000000</V>
                <V i="13">0</V>
                <V i="14">1000000</V>
                <V i="15">0</V>
                <V i="16">1000000</V>
                <V i="17">0</V>
                <V i="18">1000000</V>
            </Object>
            <Object rmUID="3201PTCS1PSW1504849481990">
                <V i="1">3201PTCS1PSW1504849481990</V>
                <V i="2">CD_BI</V>
                <V i="3">3201PTCS1ETP064F0B0A589826</V>
                <V i="4">3201PTCS1NEL064F0B0A</V>
                <V i="5">3201PTCS1ETP0A4F0B0A589826</V>
                <V i="6">3201PTCS1NEL0A4F0B0A</V>
                <V i="7">ces601</V>
                <V i="8"></V>
                <V i="9"></V>
                <V i="10">ACTIVE</V>
                <V i="11">0</V>
                <V i="12">1000000</V>
                <V i="13">0</V>
                <V i="14">1000000</V>
                <V i="15">0</V>
                <V i="16">1000000</V>
                <V i="17">0</V>
                <V i="18">1000000</V>
            </Object>
            <Object rmUID="3201PTCS1PSW1504849482091">
                <V i="1">3201PTCS1PSW1504849482091</V>
                <V i="2">CD_BI</V>
                <V i="3">3201PTCS1ETP094F0B0A524289</V>
                <V i="4">3201PTCS1NEL094F0B0A</V>
                <V i="5">3201PTCS1ETP044F0B0A524289</V>
                <V i="6">3201PTCS1NEL044F0B0A</V>
                <V i="7">eline49</V>
                <V i="8"></V>
                <V i="9"></V>
                <V i="10">ACTIVE</V>
                <V i="11">10000</V>
                <V i="12">10000</V>
                <V i="13">10000</V>
                <V i="14">10000</V>
                <V i="15">0</V>
                <V i="16">1000000</V>
                <V i="17">0</V>
                <V i="18">1000000</V>
            </Object>
            <Object rmUID="3201PTCS1PSW1504849482192">
                <V i="1">3201PTCS1PSW1504849482192</V>
                <V i="2">CD_BI</V>
                <V i="3">3201PTCS1ETP0A4F0B0A524297</V>
                <V i="4">3201PTCS1NEL0A4F0B0A</V>
                <V i="5">3201PTCS1ETP074F0B0A524294</V>
                <V i="6">3201PTCS1NEL074F0B0A</V>
                <V i="7">etree701</V>
                <V i="8"></V>
                <V i="9"></V>
                <V i="10">ACTIVE</V>
                <V i="11">0</V>
                <V i="12">1000000</V>
                <V i="13">0</V>
                <V i="14">1000000</V>
                <V i="15">0</V>
                <V i="16">1000000</V>
                <V i="17">0</V>
                <V i="18">1000000</V>
            </Object>
            <Object rmUID="3201PTCS1PSW1504849482293">
                <V i="1">3201PTCS1PSW1504849482293</V>
                <V i="2">CD_BI</V>
                <V i="3">3201PTCS1ETP084F0B0A524290</V>
                <V i="4">3201PTCS1NEL084F0B0A</V>
                <V i="5">3201PTCS1ETP0A4F0B0A524296</V>
                <V i="6">3201PTCS1NEL0A4F0B0A</V>
                <V i="7">etree801</V>
                <V i="8"></V>
                <V i="9"></V>
                <V i="10">ACTIVE</V>
                <V i="11">0</V>
                <V i="12">0</V>
                <V i="13">0</V>
                <V i="14">0</V>
                <V i="15">0</V>
                <V i="16">1000000</V>
                <V i="17">0</V>
                <V i="18">1000000</V>
            </Object>
            <Object rmUID="3201PTCS1PSW1504849482394">
                <V i="1">3201PTCS1PSW1504849482394</V>
                <V i="2">CD_BI</V>
                <V i="3">3201PTCS1ETP064F0B0A524294</V>
                <V i="4">3201PTCS1NEL064F0B0A</V>
                <V i="5">3201PTCS1ETP0A4F0B0A524298</V>
                <V i="6">3201PTCS1NEL0A4F0B0A</V>
                <V i="7">etree601</V>
                <V i="8"></V>
                <V i="9"></V>
                <V i="10">ACTIVE</V>
                <V i="11">0</V>
                <V i="12">1000000</V>
                <V i="13">0</V>
                <V i="14">1000000</V>
                <V i="15">0</V>
                <V i="16">1000000</V>
                <V i="17">0</V>
                <V i="18">1000000</V>
            </Object>
            <Object rmUID="3201PTCS1PSW1504849482495">
                <V i="1">3201PTCS1PSW1504849482495</V>
                <V i="2">CD_BI</V>
                <V i="3">3201PTCS1ETP0A4F0B0A524295</V>
                <V i="4">3201PTCS1NEL0A4F0B0A</V>
                <V i="5">3201PTCS1ETP064F0B0A524293</V>
                <V i="6">3201PTCS1NEL064F0B0A</V>
                <V i="7">etree60</V>
                <V i="8"></V>
                <V i="9"></V>
                <V i="10">ACTIVE</V>
                <V i="11">0</V>
                <V i="12">1000000</V>
                <V i="13">0</V>
                <V i="14">1000000</V>
                <V i="15">0</V>
                <V i="16">1000000</V>
                <V i="17">0</V>
                <V i="18">1000000</V>
            </Object>
            <Object rmUID="3201PTCS1PSW1504849482596">
                <V i="1">3201PTCS1PSW1504849482596</V>
                <V i="2">CD_BI</V>
                <V i="3">3201PTCS1ETP084F0B0A524289</V>
                <V i="4">3201PTCS1NEL084F0B0A</V>
                <V i="5">3201PTCS1ETP0A4F0B0A524293</V>
                <V i="6">3201PTCS1NEL0A4F0B0A</V>
                <V i="7">etree80</V>
                <V i="8"></V>
                <V i="9"></V>
                <V i="10">ACTIVE</V>
                <V i="11">0</V>
                <V i="12">0</V>
                <V i="13">0</V>
                <V i="14">0</V>
                <V i="15">0</V>
                <V i="16">1000000</V>
                <V i="17">0</V>
                <V i="18">1000000</V>
            </Object>
            <Object rmUID="3201PTCS1PSW1504849482697">
                <V i="1">3201PTCS1PSW1504849482697</V>
                <V i="2">CD_BI</V>
                <V i="3">3201PTCS1ETP0A4F0B0A524294</V>
                <V i="4">3201PTCS1NEL0A4F0B0A</V>
                <V i="5">3201PTCS1ETP074F0B0A524293</V>
                <V i="6">3201PTCS1NEL074F0B0A</V>
                <V i="7">etree70</V>
                <V i="8"></V>
                <V i="9"></V>
                <V i="10">ACTIVE</V>
                <V i="11">0</V>
                <V i="12">1000000</V>
                <V i="13">0</V>
                <V i="14">1000000</V>
                <V i="15">0</V>
                <V i="16">1000000</V>
                <V i="17">0</V>
                <V i="18">1000000</V>
            </Object>
            <Object rmUID="3201PTCS1PSW1504849482798">
                <V i="1">3201PTCS1PSW1504849482798</V>
                <V i="2">CD_BI</V>
                <V i="3">3201PTCS1ETP064F0B0A524290</V>
                <V i="4">3201PTCS1NEL064F0B0A</V>
                <V i="5">3201PTCS1ETP074F0B0A524290</V>
                <V i="6">3201PTCS1NEL074F0B0A</V>
                <V i="7">elan67</V>
                <V i="8"></V>
                <V i="9"></V>
                <V i="10">ACTIVE</V>
                <V i="11">0</V>
                <V i="12">1000000</V>
                <V i="13">0</V>
                <V i="14">1000000</V>
                <V i="15">0</V>
                <V i="16">1000000</V>
                <V i="17">0</V>
                <V i="18">1000000</V>
            </Object>
            <Object rmUID="3201PTCS1PSW1504849482899">
                <V i="1">3201PTCS1PSW1504849482899</V>
                <V i="2">CD_BI</V>
                <V i="3">3201PTCS1ETP0A4F0B0A524290</V>
                <V i="4">3201PTCS1NEL0A4F0B0A</V>
                <V i="5">3201PTCS1ETP064F0B0A524289</V>
                <V i="6">3201PTCS1NEL064F0B0A</V>
                <V i="7">elan60</V>
                <V i="8"></V>
                <V i="9"></V>
                <V i="10">ACTIVE</V>
                <V i="11">0</V>
                <V i="12">1000000</V>
                <V i="13">0</V>
                <V i="14">1000000</V>
                <V i="15">0</V>
                <V i="16">1000000</V>
                <V i="17">0</V>
                <V i="18">1000000</V>
            </Object>
            <Object rmUID="3201PTCS1PSW1504849483000">
                <V i="1">3201PTCS1PSW1504849483000</V>
                <V i="2">CD_BI</V>
                <V i="3">3201PTCS1ETP0A4F0B0A524289</V>
                <V i="4">3201PTCS1NEL0A4F0B0A</V>
                <V i="5">3201PTCS1ETP074F0B0A524289</V>
                <V i="6">3201PTCS1NEL074F0B0A</V>
                <V i="7">elan70</V>
                <V i="8"></V>
                <V i="9"></V>
                <V i="10">ACTIVE</V>
                <V i="11">0</V>
                <V i="12">1000000</V>
                <V i="13">0</V>
                <V i="14">1000000</V>
                <V i="15">0</V>
                <V i="16">1000000</V>
                <V i="17">0</V>
                <V i="18">1000000</V>
            </Object>
            <Object rmUID="3201PTCS1PSW1504939792219">
                <V i="1">3201PTCS1PSW1504939792219</V>
                <V i="2">CD_BI</V>
                <V i="3">3201PTCS1ETP014F0B0A524311</V>
                <V i="4">3201PTCS1NEL014F0B0A</V>
                <V i="5">3201PTCS1ETP074F0B0A524305</V>
                <V i="6">3201PTCS1NEL074F0B0A</V>
                <V i="7">1比12</V>
                <V i="8"></V>
                <V i="9"></V>
                <V i="10">ACTIVE</V>
                <V i="11">0</V>
                <V i="12">1000000</V>
                <V i="13">0</V>
                <V i="14">1000000</V>
                <V i="15">0</V>
                <V i="16">1000000</V>
                <V i="17">0</V>
                <V i="18">1000000</V>
            </Object>
            <Object rmUID="3201PTCS1PSW1504939932943">
                <V i="1">3201PTCS1PSW1504939932943</V>
                <V i="2">CD_BI</V>
                <V i="3">3201PTCS1ETP014F0B0A524312</V>
                <V i="4">3201PTCS1NEL014F0B0A</V>
                <V i="5">3201PTCS1ETP074F0B0A524306</V>
                <V i="6">3201PTCS1NEL074F0B0A</V>
                <V i="7">PW/NE1-NE7_20170909145212</V>
                <V i="8"></V>
                <V i="9"></V>
                <V i="10">ACTIVE</V>
                <V i="11">0</V>
                <V i="12">1000000</V>
                <V i="13">0</V>
                <V i="14">1000000</V>
                <V i="15">0</V>
                <V i="16">1000000</V>
                <V i="17">0</V>
                <V i="18">1000000</V>
            </Object>
            <Object rmUID="3201PTCS1PSW1504940009052">
                <V i="1">3201PTCS1PSW1504940009052</V>
                <V i="2">CD_BI</V>
                <V i="3">3201PTCS1ETP074F0B0A524307</V>
                <V i="4">3201PTCS1NEL074F0B0A</V>
                <V i="5">3201PTCS1ETP084F0B0A524295</V>
                <V i="6">3201PTCS1NEL084F0B0A</V>
                <V i="7">786</V>
                <V i="8"></V>
                <V i="9"></V>
                <V i="10">ACTIVE</V>
                <V i="11">0</V>
                <V i="12">1000000</V>
                <V i="13">0</V>
                <V i="14">1000000</V>
                <V i="15">0</V>
                <V i="16">0</V>
                <V i="17">0</V>
                <V i="18">0</V>
            </Object>
            <Object rmUID="3201PTCS1PSW1504942013444">
                <V i="1">3201PTCS1PSW1504942013444</V>
                <V i="2">CD_BI</V>
                <V i="3">3201PTCS1ETP054F0B0A524290</V>
                <V i="4">3201PTCS1NEL054F0B0A</V>
                <V i="5">3201PTCS1ETP074F0B0A524308</V>
                <V i="6">3201PTCS1NEL074F0B0A</V>
                <V i="7">5757</V>
                <V i="8"></V>
                <V i="9"></V>
                <V i="10">ACTIVE</V>
                <V i="11">0</V>
                <V i="12">1000000</V>
                <V i="13">0</V>
                <V i="14">1000000</V>
                <V i="15">0</V>
                <V i="16">1000000</V>
                <V i="17">0</V>
                <V i="18">1000000</V>
            </Object>
            <Object rmUID="3201PTCS1PSW1504948044556">
                <V i="1">3201PTCS1PSW1504948044556</V>
                <V i="2">CD_BI</V>
                <V i="3">3201PTCS1ETP074F0B0A589828</V>
                <V i="4">3201PTCS1NEL074F0B0A</V>
                <V i="5">3201PTCS1ETP084F0B0A589844</V>
                <V i="6">3201PTCS1NEL084F0B0A</V>
                <V i="7">78</V>
                <V i="8"></V>
                <V i="9"></V>
                <V i="10">ACTIVE</V>
                <V i="11">0</V>
                <V i="12">1000000</V>
                <V i="13">0</V>
                <V i="14">1000000</V>
                <V i="15">0</V>
                <V i="16">0</V>
                <V i="17">0</V>
                <V i="18">0</V>
            </Object>
            <Object rmUID="3201PTCS1PSW1505120191755">
                <V i="1">3201PTCS1PSW1505120191755</V>
                <V i="2">CD_BI</V>
                <V i="3">3201PTCS1ETP064F0B0A524296</V>
                <V i="4">3201PTCS1NEL064F0B0A</V>
                <V i="5">3201PTCS1ETP074F0B0A524309</V>
                <V i="6">3201PTCS1NEL074F0B0A</V>
                <V i="7">213</V>
                <V i="8"></V>
                <V i="9"></V>
                <V i="10">ACTIVE</V>
                <V i="11">0</V>
                <V i="12">1000000</V>
                <V i="13">0</V>
                <V i="14">1000000</V>
                <V i="15">0</V>
                <V i="16">1000000</V>
                <V i="17">0</V>
                <V i="18">1000000</V>
            </Object>
            <Object rmUID="3201PTCS1PSW1505203160287">
                <V i="1">3201PTCS1PSW1505203160287</V>
                <V i="2">CD_BI</V>
                <V i="3">3201PTCS1ETP034F0B0A524289</V>
                <V i="4">3201PTCS1NEL034F0B0A</V>
                <V i="5">3201PTCS1ETP024F0B0A524312</V>
                <V i="6">3201PTCS1NEL024F0B0A</V>
                <V i="7">231</V>
                <V i="8"></V>
                <V i="9"></V>
                <V i="10">ACTIVE</V>
                <V i="11">0</V>
                <V i="12">1000000</V>
                <V i="13">0</V>
                <V i="14">1000000</V>
                <V i="15">0</V>
                <V i="16">1000000</V>
                <V i="17">0</V>
                <V i="18">1000000</V>
            </Object>
            <Object rmUID="3201PTCS1PSW1505209337584">
                <V i="1">3201PTCS1PSW1505209337584</V>
                <V i="2">CD_BI</V>
                <V i="3">3201PTCS1ETP024F0B0A524314</V>
                <V i="4">3201PTCS1NEL024F0B0A</V>
                <V i="5">3201PTCS1ETP034F0B0A524291</V>
                <V i="6">3201PTCS1NEL034F0B0A</V>
                <V i="7">232</V>
                <V i="8"></V>
                <V i="9"></V>
                <V i="10">ACTIVE</V>
                <V i="11">0</V>
                <V i="12">1000000</V>
                <V i="13">0</V>
                <V i="14">1000000</V>
                <V i="15">0</V>
                <V i="16">1000000</V>
                <V i="17">0</V>
                <V i="18">1000000</V>
            </Object>
        </FieldValue>
    </Objects>
</DataFile>
