TimeStamp=20170918174754|TimeZone=Asia/Shanghai|Period=15|VendorName=PT|ElementType=PTN|PmVersion=V1.2.0|ObjectType=PRT
startTime|rmuid|nativeName|outPkts|outOctets|inPkts|inOctets|overSizePkts|underSizePkts|CRC|inErrors|inUnicastPkts|inMulticastPkts|inBroadcastPkts|outUnicastPkts|outMulticastPkts|outBroadcastPkts
2017-09-18 16:30:00|4201SSCS1PRT094F0B0A33685512|NE9|134427519|8603412370|134428337|8603413568|0|0|0|0|134428337|0|0|134427399|30|90
2017-09-18 17:30:00|4201SSCS1PRT094F0B0A33685512|NE9|130686918|8364012267|129881783|8312434240|0|0|0|20388|129881768|0|0|130686802|29|87
2017-09-18 17:45:00|4201SSCS1PRT094F0B0A33685512|NE9|133849962|8566448722|133891978|8569086592|0|0|0|0|133891978|0|0|133849843|30|90
