<?xml version="1.0" encoding="utf-8" standalone="yes"?>
<DataFile>
    <FileHeader>
        <TimeStamp>2017-09-12T17:54:05.543+08:00</TimeStamp>
        <TimeZone>UTC+8</TimeZone>
        <VendorName>PT</VendorName>
        <ElementType>PTN</ElementType>
        <CmVersion>V1.0.0</CmVersion>
    </FileHeader>
    <Objects>
        <ObjectType>TPL</ObjectType>
        <FieldName>
            <N i="1">rmUID</N>
            <N i="2">nativeName</N>
            <N i="3">aEndNermUID</N>
            <N i="4">zEndNermUID</N>
            <N i="5">aEndPortrmUID</N>
            <N i="6">zEndPortrmUID</N>
            <N i="7">rate</N>
            <N i="8">direction</N>
            <N i="9">reality</N>
        </FieldName>
        <FieldValue>
            <Object rmUID="3201PTCS1TPL1">
                <V i="1">3201PTCS1TPL1</V>
                <V i="2">Physic-NE8-gx 0/1/4-NE7-gx 0/1/2</V>
                <V i="3">3201PTCS1NEL084F0B0A</V>
                <V i="4">3201PTCS1NEL074F0B0A</V>
                <V i="5">3201PTCS1PRT084F0B0A16908292</V>
                <V i="6">3201PTCS1PRT074F0B0A16908290</V>
                <V i="7">GE</V>
                <V i="8">CD_BI</V>
                <V i="9">real</V>
            </Object>
            <Object rmUID="3201PTCS1TPL2">
                <V i="1">3201PTCS1TPL2</V>
                <V i="2">Physic-NE8-gx 0/1/7-NE5-gx 0/0/5</V>
                <V i="3">3201PTCS1NEL084F0B0A</V>
                <V i="4">3201PTCS1NEL054F0B0A</V>
                <V i="5">3201PTCS1PRT084F0B0A16908295</V>
                <V i="6">3201PTCS1PRT054F0B0A131077</V>
                <V i="7">GE</V>
                <V i="8">CD_BI</V>
                <V i="9">real</V>
            </Object>
            <Object rmUID="3201PTCS1TPL3">
                <V i="1">3201PTCS1TPL3</V>
                <V i="2">Physic-NE8-gx 0/1/5-NE2-gx 0/0/6</V>
                <V i="3">3201PTCS1NEL084F0B0A</V>
                <V i="4">3201PTCS1NEL024F0B0A</V>
                <V i="5">3201PTCS1PRT084F0B0A16908293</V>
                <V i="6">3201PTCS1PRT024F0B0A131078</V>
                <V i="7">GE</V>
                <V i="8">CD_BI</V>
                <V i="9">real</V>
            </Object>
            <Object rmUID="3201PTCS1TPL4">
                <V i="1">3201PTCS1TPL4</V>
                <V i="2">Physic-NE7-gx 0/3/6-NE6-gx 0/0/6</V>
                <V i="3">3201PTCS1NEL074F0B0A</V>
                <V i="4">3201PTCS1NEL064F0B0A</V>
                <V i="5">3201PTCS1PRT074F0B0A50462726</V>
                <V i="6">3201PTCS1PRT064F0B0A131078</V>
                <V i="7">GE</V>
                <V i="8">CD_BI</V>
                <V i="9">real</V>
            </Object>
            <Object rmUID="3201PTCS1TPL5">
                <V i="1">3201PTCS1TPL5</V>
                <V i="2">Physic-NE7-gx 0/3/4-NE5-gx 0/0/6</V>
                <V i="3">3201PTCS1NEL074F0B0A</V>
                <V i="4">3201PTCS1NEL054F0B0A</V>
                <V i="5">3201PTCS1PRT074F0B0A50462724</V>
                <V i="6">3201PTCS1PRT054F0B0A131078</V>
                <V i="7">GE</V>
                <V i="8">CD_BI</V>
                <V i="9">real</V>
            </Object>
            <Object rmUID="3201PTCS1TPL6">
                <V i="1">3201PTCS1TPL6</V>
                <V i="2">Physic-NE7-gx 0/3/2-NE1-gx 0/0/5</V>
                <V i="3">3201PTCS1NEL074F0B0A</V>
                <V i="4">3201PTCS1NEL014F0B0A</V>
                <V i="5">3201PTCS1PRT074F0B0A50462722</V>
                <V i="6">3201PTCS1PRT014F0B0A131077</V>
                <V i="7">GE</V>
                <V i="8">CD_BI</V>
                <V i="9">real</V>
            </Object>
            <Object rmUID="3201PTCS1TPL7">
                <V i="1">3201PTCS1TPL7</V>
                <V i="2">Physic-NE4-gx 0/0/5-NE9 -gx 0/3/2</V>
                <V i="3">3201PTCS1NEL044F0B0A</V>
                <V i="4">3201PTCS1NEL094F0B0A</V>
                <V i="5">3201PTCS1PRT044F0B0A131077</V>
                <V i="6">3201PTCS1PRT094F0B0A50462722</V>
                <V i="7">GE</V>
                <V i="8">CD_BI</V>
                <V i="9">real</V>
            </Object>
            <Object rmUID="3201PTCS1TPL8">
                <V i="1">3201PTCS1TPL8</V>
                <V i="2">Physic-NE2-gx 0/0/5-NE1-gx 0/0/6</V>
                <V i="3">3201PTCS1NEL024F0B0A</V>
                <V i="4">3201PTCS1NEL014F0B0A</V>
                <V i="5">3201PTCS1PRT024F0B0A131077</V>
                <V i="6">3201PTCS1PRT014F0B0A131078</V>
                <V i="7">GE</V>
                <V i="8">CD_BI</V>
                <V i="9">real</V>
            </Object>
            <Object rmUID="3201PTCS1TPL9">
                <V i="1">3201PTCS1TPL9</V>
                <V i="2">Physic-NE10-gx 0/1/2-NE7-gx 0/1/4</V>
                <V i="3">3201PTCS1NEL0A4F0B0A</V>
                <V i="4">3201PTCS1NEL074F0B0A</V>
                <V i="5">3201PTCS1PRT0A4F0B0A16908290</V>
                <V i="6">3201PTCS1PRT074F0B0A16908292</V>
                <V i="7">GE</V>
                <V i="8">CD_BI</V>
                <V i="9">real</V>
            </Object>
            <Object rmUID="3201PTCS1TPL10">
                <V i="1">3201PTCS1TPL10</V>
                <V i="2">Physic-NE6-gx 0/0/5-NE10-gx 0/3/2</V>
                <V i="3">3201PTCS1NEL064F0B0A</V>
                <V i="4">3201PTCS1NEL0A4F0B0A</V>
                <V i="5">3201PTCS1PRT064F0B0A131077</V>
                <V i="6">3201PTCS1PRT0A4F0B0A50462722</V>
                <V i="7">GE</V>
                <V i="8">CD_BI</V>
                <V i="9">real</V>
            </Object>
            <Object rmUID="3201PTCS1TPL11">
                <V i="1">3201PTCS1TPL11</V>
                <V i="2">Physic-NE10-gx 0/1/4-NE9 -gx 0/1/2</V>
                <V i="3">3201PTCS1NEL0A4F0B0A</V>
                <V i="4">3201PTCS1NEL094F0B0A</V>
                <V i="5">3201PTCS1PRT0A4F0B0A16908292</V>
                <V i="6">3201PTCS1PRT094F0B0A16908290</V>
                <V i="7">GE</V>
                <V i="8">CD_BI</V>
                <V i="9">real</V>
            </Object>
            <Object rmUID="3201PTCS1TPL12">
                <V i="1">3201PTCS1TPL12</V>
                <V i="2">Physic-NE8-gx 0/1/6-NE3-gx 0/0/5</V>
                <V i="3">3201PTCS1NEL084F0B0A</V>
                <V i="4">3201PTCS1NEL034F0B0A</V>
                <V i="5">3201PTCS1PRT084F0B0A16908294</V>
                <V i="6">3201PTCS1PRT034F0B0A131077</V>
                <V i="7">GE</V>
                <V i="8">CD_BI</V>
                <V i="9">real</V>
            </Object>
            <Object rmUID="3201PTCS1TPL13">
                <V i="1">3201PTCS1TPL13</V>
                <V i="2">Physic-NE9 -gx 0/1/4-NE8-gx 0/1/2</V>
                <V i="3">3201PTCS1NEL094F0B0A</V>
                <V i="4">3201PTCS1NEL084F0B0A</V>
                <V i="5">3201PTCS1PRT094F0B0A16908292</V>
                <V i="6">3201PTCS1PRT084F0B0A16908290</V>
                <V i="7">GE</V>
                <V i="8">CD_BI</V>
                <V i="9">real</V>
            </Object>
            <Object rmUID="3201PTCS1TPL14">
                <V i="1">3201PTCS1TPL14</V>
                <V i="2">Physic-NE2-ge 0/0/4-NE3-ge 0/0/4</V>
                <V i="3">3201PTCS1NEL024F0B0A</V>
                <V i="4">3201PTCS1NEL034F0B0A</V>
                <V i="5">3201PTCS1PRT024F0B0A131076</V>
                <V i="6">3201PTCS1PRT034F0B0A131076</V>
                <V i="7">GE</V>
                <V i="8">CD_BI</V>
                <V i="9">real</V>
            </Object>
        </FieldValue>
    </Objects>
</DataFile>
