<?xml version="1.0" encoding="utf-8" standalone="yes"?>
<DataFile>
    <FileHeader>
        <TimeStamp>2017-09-12T17:54:04.980+08:00</TimeStamp>
        <TimeZone>UTC+8</TimeZone>
        <VendorName>PT</VendorName>
        <ElementType>PTN</ElementType>
        <CmVersion>V1.0.0</CmVersion>
    </FileHeader>
    <Objects>
        <ObjectType>TNL</ObjectType>
        <FieldName>
            <N i="1">rmUID</N>
            <N i="2">nativeName</N>
            <N i="3">direction</N>
            <N i="4">activeState</N>
            <N i="5">aEndTprmUID</N>
            <N i="6">aEndNermUID</N>
            <N i="7">aEndPortrmUID</N>
            <N i="8">aEndOutLabel</N>
            <N i="9">aEndRevInLabel</N>
            <N i="10">zEndTprmUID</N>
            <N i="11">zEndNermUID</N>
            <N i="12">zEndPortrmUID</N>
            <N i="13">zEndInLabel</N>
            <N i="14">zEndRevOutLabel</N>
            <N i="15">CIR</N>
            <N i="16">RevCIR</N>
            <N i="17">PIR</N>
            <N i="18">RevPIR</N>
            <N i="19">isOverlay</N>
        </FieldName>
        <FieldValue>
            <Object rmUID="3201PTCS1TNL1">
                <V i="1">3201PTCS1TNL1</V>
                <V i="2">571</V>
                <V i="3">CD_BI</V>
                <V i="4">ACTIVE</V>
                <V i="5">3201PTCS1ETP054F0B0A393233</V>
                <V i="6">3201PTCS1NEL054F0B0A</V>
                <V i="7">3201PTCS1ETP054F0B0A131078</V>
                <V i="8">49</V>
                <V i="9">48</V>
                <V i="10">3201PTCS1ETP074F0B0A393313</V>
                <V i="11">3201PTCS1NEL074F0B0A</V>
                <V i="12">3201PTCS1ETP074F0B0A50462724</V>
                <V i="13">49</V>
                <V i="14">48</V>
                <V i="15">0</V>
                <V i="16">0</V>
                <V i="17">1000000</V>
                <V i="18">1000000</V>
                <V i="19">false</V>
            </Object>
            <Object rmUID="3201PTCS1TNL2">
                <V i="1">3201PTCS1TNL2</V>
                <V i="2">38</V>
                <V i="3">CD_BI</V>
                <V i="4">ACTIVE</V>
                <V i="5">3201PTCS1ETP034F0B0A393233</V>
                <V i="6">3201PTCS1NEL034F0B0A</V>
                <V i="7">3201PTCS1ETP034F0B0A131075</V>
                <V i="8">27</V>
                <V i="9">26</V>
                <V i="10">3201PTCS1ETP084F0B0A393297</V>
                <V i="11">3201PTCS1NEL084F0B0A</V>
                <V i="12">3201PTCS1ETP084F0B0A16908294</V>
                <V i="13">27</V>
                <V i="14">26</V>
                <V i="15">0</V>
                <V i="16">0</V>
                <V i="17">1000000</V>
                <V i="18">1000000</V>
                <V i="19">false</V>
            </Object>
            <Object rmUID="3201PTCS1TNL3">
                <V i="1">3201PTCS1TNL3</V>
                <V i="2">90</V>
                <V i="3">CD_BI</V>
                <V i="4">ACTIVE</V>
                <V i="5">3201PTCS1ETP094F0B0A393249</V>
                <V i="6">3201PTCS1NEL094F0B0A</V>
                <V i="7">3201PTCS1ETP094F0B0A16908290</V>
                <V i="8">29</V>
                <V i="9">28</V>
                <V i="10">3201PTCS1ETP0A4F0B0A393297</V>
                <V i="11">3201PTCS1NEL0A4F0B0A</V>
                <V i="12">3201PTCS1ETP0A4F0B0A16908292</V>
                <V i="13">29</V>
                <V i="14">28</V>
                <V i="15">0</V>
                <V i="16">0</V>
                <V i="17">1000000</V>
                <V i="18">1000000</V>
                <V i="19">false</V>
            </Object>
            <Object rmUID="3201PTCS1TNL4">
                <V i="1">3201PTCS1TNL4</V>
                <V i="2">67</V>
                <V i="3">CD_BI</V>
                <V i="4">ACTIVE</V>
                <V i="5">3201PTCS1ETP064F0B0A393249</V>
                <V i="6">3201PTCS1NEL064F0B0A</V>
                <V i="7">3201PTCS1ETP064F0B0A131078</V>
                <V i="8">19</V>
                <V i="9">18</V>
                <V i="10">3201PTCS1ETP074F0B0A393233</V>
                <V i="11">3201PTCS1NEL074F0B0A</V>
                <V i="12">3201PTCS1ETP074F0B0A50462726</V>
                <V i="13">19</V>
                <V i="14">18</V>
                <V i="15">0</V>
                <V i="16">0</V>
                <V i="17">1000000</V>
                <V i="18">1000000</V>
                <V i="19">false</V>
            </Object>
            <Object rmUID="3201PTCS1TNL5">
                <V i="1">3201PTCS1TNL5</V>
                <V i="2">60ces</V>
                <V i="3">CD_BI</V>
                <V i="4">ACTIVE</V>
                <V i="5">3201PTCS1ETP064F0B0A393265</V>
                <V i="6">3201PTCS1NEL064F0B0A</V>
                <V i="7">3201PTCS1ETP064F0B0A131077</V>
                <V i="8">23</V>
                <V i="9">22</V>
                <V i="10">3201PTCS1ETP0A4F0B0A393281</V>
                <V i="11">3201PTCS1NEL0A4F0B0A</V>
                <V i="12">3201PTCS1ETP0A4F0B0A50462722</V>
                <V i="13">23</V>
                <V i="14">22</V>
                <V i="15">0</V>
                <V i="16">0</V>
                <V i="17">1000000</V>
                <V i="18">1000000</V>
                <V i="19">false</V>
            </Object>
            <Object rmUID="3201PTCS1TNL6">
                <V i="1">3201PTCS1TNL6</V>
                <V i="2">60</V>
                <V i="3">CD_BI</V>
                <V i="4">ACTIVE</V>
                <V i="5">3201PTCS1ETP064F0B0A393233</V>
                <V i="6">3201PTCS1NEL064F0B0A</V>
                <V i="7">3201PTCS1ETP064F0B0A131077</V>
                <V i="8">17</V>
                <V i="9">16</V>
                <V i="10">3201PTCS1ETP0A4F0B0A393233</V>
                <V i="11">3201PTCS1NEL0A4F0B0A</V>
                <V i="12">3201PTCS1ETP0A4F0B0A50462722</V>
                <V i="13">17</V>
                <V i="14">16</V>
                <V i="15">0</V>
                <V i="16">0</V>
                <V i="17">1000000</V>
                <V i="18">1000000</V>
                <V i="19">false</V>
            </Object>
            <Object rmUID="3201PTCS1TNL9">
                <V i="1">3201PTCS1TNL9</V>
                <V i="2">17</V>
                <V i="3">CD_BI</V>
                <V i="4">ACTIVE</V>
                <V i="5">3201PTCS1ETP014F0B0A393233</V>
                <V i="6">3201PTCS1NEL014F0B0A</V>
                <V i="7">3201PTCS1ETP014F0B0A131077</V>
                <V i="8">35</V>
                <V i="9">34</V>
                <V i="10">3201PTCS1ETP074F0B0A393329</V>
                <V i="11">3201PTCS1NEL074F0B0A</V>
                <V i="12">3201PTCS1ETP074F0B0A50462722</V>
                <V i="13">35</V>
                <V i="14">34</V>
                <V i="15">0</V>
                <V i="16">0</V>
                <V i="17">1000000</V>
                <V i="18">1000000</V>
                <V i="19">false</V>
            </Object>
            <Object rmUID="3201PTCS1TNL10">
                <V i="1">3201PTCS1TNL10</V>
                <V i="2">子接口171</V>
                <V i="3">CD_BI</V>
                <V i="4">ACTIVE</V>
                <V i="5">3201PTCS1ETP014F0B0A393249</V>
                <V i="6">3201PTCS1NEL014F0B0A</V>
                <V i="7">3201PTCS1ETP014F0B0A1445938</V>
                <V i="8">45</V>
                <V i="9">44</V>
                <V i="10">3201PTCS1ETP074F0B0A393345</V>
                <V i="11">3201PTCS1NEL074F0B0A</V>
                <V i="12">3201PTCS1ETP074F0B0A18247730</V>
                <V i="13">45</V>
                <V i="14">44</V>
                <V i="15">0</V>
                <V i="16">0</V>
                <V i="17">1000000</V>
                <V i="18">1000000</V>
                <V i="19">true</V>
            </Object>
            <Object rmUID="3201PTCS1TNL11">
                <V i="1">3201PTCS1TNL11</V>
                <V i="2">70</V>
                <V i="3">CD_BI</V>
                <V i="4">ACTIVE</V>
                <V i="5">3201PTCS1ETP074F0B0A393249</V>
                <V i="6">3201PTCS1NEL074F0B0A</V>
                <V i="7">3201PTCS1ETP074F0B0A16908292</V>
                <V i="8">21</V>
                <V i="9">20</V>
                <V i="10">3201PTCS1ETP0A4F0B0A393249</V>
                <V i="11">3201PTCS1NEL0A4F0B0A</V>
                <V i="12">3201PTCS1ETP0A4F0B0A16908290</V>
                <V i="13">21</V>
                <V i="14">20</V>
                <V i="15">0</V>
                <V i="16">0</V>
                <V i="17">1000000</V>
                <V i="18">1000000</V>
                <V i="19">false</V>
            </Object>
            <Object rmUID="3201PTCS1TNL12">
                <V i="1">3201PTCS1TNL12</V>
                <V i="2">子接口172</V>
                <V i="3">CD_BI</V>
                <V i="4">ACTIVE</V>
                <V i="5">3201PTCS1ETP014F0B0A393265</V>
                <V i="6">3201PTCS1NEL014F0B0A</V>
                <V i="7">3201PTCS1ETP014F0B0A1445939</V>
                <V i="8">47</V>
                <V i="9">46</V>
                <V i="10">3201PTCS1ETP074F0B0A393361</V>
                <V i="11">3201PTCS1NEL074F0B0A</V>
                <V i="12">3201PTCS1ETP074F0B0A18247731</V>
                <V i="13">47</V>
                <V i="14">46</V>
                <V i="15">0</V>
                <V i="16">0</V>
                <V i="17">1000000</V>
                <V i="18">1000000</V>
                <V i="19">true</V>
            </Object>
            <Object rmUID="3201PTCS1TNL13">
                <V i="1">3201PTCS1TNL13</V>
                <V i="2">28</V>
                <V i="3">CD_BI</V>
                <V i="4">ACTIVE</V>
                <V i="5">3201PTCS1ETP024F0B0A393233</V>
                <V i="6">3201PTCS1NEL024F0B0A</V>
                <V i="7">3201PTCS1ETP024F0B0A131078</V>
                <V i="8">21</V>
                <V i="9">20</V>
                <V i="10">3201PTCS1ETP084F0B0A393281</V>
                <V i="11">3201PTCS1NEL084F0B0A</V>
                <V i="12">3201PTCS1ETP084F0B0A16908293</V>
                <V i="13">21</V>
                <V i="14">20</V>
                <V i="15">0</V>
                <V i="16">0</V>
                <V i="17">1000000</V>
                <V i="18">1000000</V>
                <V i="19">false</V>
            </Object>
            <Object rmUID="3201PTCS1TNL14">
                <V i="1">3201PTCS1TNL14</V>
                <V i="2">49</V>
                <V i="3">CD_BI</V>
                <V i="4">ACTIVE</V>
                <V i="5">3201PTCS1ETP044F0B0A393233</V>
                <V i="6">3201PTCS1NEL044F0B0A</V>
                <V i="7">3201PTCS1ETP044F0B0A131075</V>
                <V i="8">17</V>
                <V i="9">16</V>
                <V i="10">3201PTCS1ETP094F0B0A393233</V>
                <V i="11">3201PTCS1NEL094F0B0A</V>
                <V i="12">3201PTCS1ETP094F0B0A50462722</V>
                <V i="13">17</V>
                <V i="14">16</V>
                <V i="15">0</V>
                <V i="16">10000</V>
                <V i="17">1000000</V>
                <V i="18">10000</V>
                <V i="19">false</V>
            </Object>
            <Object rmUID="3201PTCS1TNL15">
                <V i="1">3201PTCS1TNL15</V>
                <V i="2">79</V>
                <V i="3">CD_BI</V>
                <V i="4">ACTIVE</V>
                <V i="5">3201PTCS1ETP074F0B0A393281</V>
                <V i="6">3201PTCS1NEL074F0B0A</V>
                <V i="7">3201PTCS1ETP074F0B0A16908290</V>
                <V i="8">31</V>
                <V i="9">30</V>
                <V i="10">3201PTCS1ETP094F0B0A393281</V>
                <V i="11">3201PTCS1NEL094F0B0A</V>
                <V i="12">3201PTCS1ETP094F0B0A16908292</V>
                <V i="13">33</V>
                <V i="14">32</V>
                <V i="15">0</V>
                <V i="16">0</V>
                <V i="17">1000000</V>
                <V i="18">1000000</V>
                <V i="19">false</V>
            </Object>
            <Object rmUID="3201PTCS1TNL16">
                <V i="1">3201PTCS1TNL16</V>
                <V i="2">78</V>
                <V i="3">CD_BI</V>
                <V i="4">ACTIVE</V>
                <V i="5">3201PTCS1ETP074F0B0A393265</V>
                <V i="6">3201PTCS1NEL074F0B0A</V>
                <V i="7">3201PTCS1ETP074F0B0A16908290</V>
                <V i="8">17</V>
                <V i="9">16</V>
                <V i="10"></V>
                <V i="11"></V>
                <V i="12"></V>
                <V i="13"></V>
                <V i="14"></V>
                <V i="15">0</V>
                <V i="16"></V>
                <V i="17">1000000</V>
                <V i="18"></V>
                <V i="19">false</V>
            </Object>
            <Object rmUID="3201PTCS1TNL19">
                <V i="1">3201PTCS1TNL19</V>
                <V i="2">1比12</V>
                <V i="3">CD_BI</V>
                <V i="4">ACTIVE</V>
                <V i="5">3201PTCS1ETP014F0B0A393297</V>
                <V i="6">3201PTCS1NEL014F0B0A</V>
                <V i="7">3201PTCS1ETP014F0B0A131078</V>
                <V i="8">73</V>
                <V i="9">72</V>
                <V i="10">3201PTCS1ETP074F0B0A393393</V>
                <V i="11">3201PTCS1NEL074F0B0A</V>
                <V i="12">3201PTCS1ETP074F0B0A16908290</V>
                <V i="13">73</V>
                <V i="14">72</V>
                <V i="15">0</V>
                <V i="16">0</V>
                <V i="17">1000000</V>
                <V i="18">1000000</V>
                <V i="19">false</V>
            </Object>
            <Object rmUID="3201PTCS1TNL19P">
                <V i="1">3201PTCS1TNL19P</V>
                <V i="2">1比12</V>
                <V i="3">CD_BI</V>
                <V i="4">ACTIVE</V>
                <V i="5">3201PTCS1ETP014F0B0A393298</V>
                <V i="6">3201PTCS1NEL014F0B0A</V>
                <V i="7">3201PTCS1ETP014F0B0A131077</V>
                <V i="8">83</V>
                <V i="9">82</V>
                <V i="10">3201PTCS1ETP074F0B0A393394</V>
                <V i="11">3201PTCS1NEL074F0B0A</V>
                <V i="12">3201PTCS1ETP074F0B0A50462722</V>
                <V i="13">83</V>
                <V i="14">82</V>
                <V i="15">0</V>
                <V i="16">0</V>
                <V i="17">1000000</V>
                <V i="18">1000000</V>
                <V i="19">false</V>
            </Object>
            <Object rmUID="3201PTCS1TNL20">
                <V i="1">3201PTCS1TNL20</V>
                <V i="2">yt57</V>
                <V i="3">CD_BI</V>
                <V i="4">ACTIVE</V>
                <V i="5">3201PTCS1ETP054F0B0A393249</V>
                <V i="6">3201PTCS1NEL054F0B0A</V>
                <V i="7">3201PTCS1ETP054F0B0A131078</V>
                <V i="8">87</V>
                <V i="9">86</V>
                <V i="10">3201PTCS1ETP074F0B0A393409</V>
                <V i="11">3201PTCS1NEL074F0B0A</V>
                <V i="12">3201PTCS1ETP074F0B0A50462724</V>
                <V i="13">87</V>
                <V i="14">86</V>
                <V i="15">0</V>
                <V i="16">0</V>
                <V i="17">1000000</V>
                <V i="18">1000000</V>
                <V i="19">false</V>
            </Object>
            <Object rmUID="3201PTCS1TNL21">
                <V i="1">3201PTCS1TNL21</V>
                <V i="2">11</V>
                <V i="3">CD_BI</V>
                <V i="4">ACTIVE</V>
                <V i="5">3201PTCS1ETP074F0B0A393425</V>
                <V i="6">3201PTCS1NEL074F0B0A</V>
                <V i="7">3201PTCS1ETP074F0B0A16908290</V>
                <V i="8">91</V>
                <V i="9">90</V>
                <V i="10"></V>
                <V i="11"></V>
                <V i="12"></V>
                <V i="13"></V>
                <V i="14"></V>
                <V i="15">0</V>
                <V i="16"></V>
                <V i="17">1000000</V>
                <V i="18"></V>
                <V i="19">false</V>
            </Object>
            <Object rmUID="3201PTCS1TNL22P">
                <V i="1">3201PTCS1TNL22P</V>
                <V i="2">Tunnel55-NE6-10011079007-1505120753300</V>
                <V i="3">CD_BI</V>
                <V i="4">ACTIVE</V>
                <V i="5">3201PTCS1ETP064F0B0A393314</V>
                <V i="6">3201PTCS1NEL064F0B0A</V>
                <V i="7">3201PTCS1ETP064F0B0A131077</V>
                <V i="8">97</V>
                <V i="9">96</V>
                <V i="10">3201PTCS1ETP074F0B0A393474</V>
                <V i="11">3201PTCS1NEL074F0B0A</V>
                <V i="12">3201PTCS1ETP074F0B0A16908292</V>
                <V i="13">99</V>
                <V i="14">98</V>
                <V i="15">0</V>
                <V i="16">0</V>
                <V i="17">1000000</V>
                <V i="18">1000000</V>
                <V i="19">false</V>
            </Object>
            <Object rmUID="3201PTCS1TNL22">
                <V i="1">3201PTCS1TNL22</V>
                <V i="2">Tunnel55-NE6-10011079007-1505120753300</V>
                <V i="3">CD_BI</V>
                <V i="4">ACTIVE</V>
                <V i="5">3201PTCS1ETP064F0B0A393313</V>
                <V i="6">3201PTCS1NEL064F0B0A</V>
                <V i="7">3201PTCS1ETP064F0B0A131078</V>
                <V i="8">77</V>
                <V i="9">76</V>
                <V i="10">3201PTCS1ETP074F0B0A393473</V>
                <V i="11">3201PTCS1NEL074F0B0A</V>
                <V i="12">3201PTCS1ETP074F0B0A50462726</V>
                <V i="13">77</V>
                <V i="14">76</V>
                <V i="15">0</V>
                <V i="16">0</V>
                <V i="17">1000000</V>
                <V i="18">1000000</V>
                <V i="19">false</V>
            </Object>
            <Object rmUID="3201PTCS1TNL23">
                <V i="1">3201PTCS1TNL23</V>
                <V i="2">lsp1比1-67</V>
                <V i="3">CD_BI</V>
                <V i="4">ACTIVE</V>
                <V i="5">3201PTCS1ETP064F0B0A393281</V>
                <V i="6">3201PTCS1NEL064F0B0A</V>
                <V i="7">3201PTCS1ETP064F0B0A131077</V>
                <V i="8">51</V>
                <V i="9">50</V>
                <V i="10">3201PTCS1ETP074F0B0A393297</V>
                <V i="11">3201PTCS1NEL074F0B0A</V>
                <V i="12">3201PTCS1ETP074F0B0A16908292</V>
                <V i="13">53</V>
                <V i="14">52</V>
                <V i="15">0</V>
                <V i="16">0</V>
                <V i="17">1000000</V>
                <V i="18">1000000</V>
                <V i="19">false</V>
            </Object>
            <Object rmUID="3201PTCS1TNL23P">
                <V i="1">3201PTCS1TNL23P</V>
                <V i="2">lsp1比1-67</V>
                <V i="3">CD_BI</V>
                <V i="4">ACTIVE</V>
                <V i="5">3201PTCS1ETP064F0B0A393282</V>
                <V i="6">3201PTCS1NEL064F0B0A</V>
                <V i="7">3201PTCS1ETP064F0B0A131078</V>
                <V i="8">55</V>
                <V i="9">54</V>
                <V i="10">3201PTCS1ETP074F0B0A393298</V>
                <V i="11">3201PTCS1NEL074F0B0A</V>
                <V i="12">3201PTCS1ETP074F0B0A50462726</V>
                <V i="13">55</V>
                <V i="14">54</V>
                <V i="15">0</V>
                <V i="16">0</V>
                <V i="17">1000000</V>
                <V i="18">1000000</V>
                <V i="19">false</V>
            </Object>
            <Object rmUID="3201PTCS1TNL24">
                <V i="1">3201PTCS1TNL24</V>
                <V i="2">Tunnel55-NE3-10011079002-1505203107314</V>
                <V i="3">CD_BI</V>
                <V i="4">ACTIVE</V>
                <V i="5">3201PTCS1ETP034F0B0A393249</V>
                <V i="6">3201PTCS1NEL034F0B0A</V>
                <V i="7">3201PTCS1ETP034F0B0A131076</V>
                <V i="8">38</V>
                <V i="9">37</V>
                <V i="10">3201PTCS1ETP024F0B0A393425</V>
                <V i="11">3201PTCS1NEL024F0B0A</V>
                <V i="12">3201PTCS1ETP024F0B0A131076</V>
                <V i="13">38</V>
                <V i="14">37</V>
                <V i="15">0</V>
                <V i="16">0</V>
                <V i="17">1000000</V>
                <V i="18">1000000</V>
                <V i="19">false</V>
            </Object>
            <Object rmUID="3201PTCS1TNL7">
                <V i="1">3201PTCS1TNL7</V>
                <V i="2">80</V>
                <V i="3">CD_BI</V>
                <V i="4">ACTIVE</V>
                <V i="5">3201PTCS1ETP0A4F0B0A393265</V>
                <V i="6">3201PTCS1NEL0A4F0B0A</V>
                <V i="7">3201PTCS1ETP0A4F0B0A16908290</V>
                <V i="8">24</V>
                <V i="9">25</V>
                <V i="10"></V>
                <V i="11"></V>
                <V i="12"></V>
                <V i="13"></V>
                <V i="14"></V>
                <V i="15">0</V>
                <V i="16"></V>
                <V i="17">1000000</V>
                <V i="18"></V>
                <V i="19">false</V>
            </Object>
            <Object rmUID="3201PTCS1TNL8">
                <V i="1">3201PTCS1TNL8</V>
                <V i="2">89</V>
                <V i="3">CD_BI</V>
                <V i="4">ACTIVE</V>
                <V i="5">3201PTCS1ETP094F0B0A393265</V>
                <V i="6">3201PTCS1NEL094F0B0A</V>
                <V i="7">3201PTCS1ETP094F0B0A16908292</V>
                <V i="8">24</V>
                <V i="9">25</V>
                <V i="10"></V>
                <V i="11"></V>
                <V i="12"></V>
                <V i="13"></V>
                <V i="14"></V>
                <V i="15">0</V>
                <V i="16"></V>
                <V i="17">1000000</V>
                <V i="18"></V>
                <V i="19">false</V>
            </Object>
        </FieldValue>
    </Objects>
</DataFile>
