<?xml version="1.0" encoding="utf-8" standalone="yes"?>
<DataFile>
    <FileHeader>
        <TimeStamp>2017-09-12T17:54:04.726+08:00</TimeStamp>
        <TimeZone>UTC+8</TimeZone>
        <VendorName>PT</VendorName>
        <ElementType>PTN</ElementType>
        <CmVersion>V1.0.0</CmVersion>
    </FileHeader>
    <Objects>
        <ObjectType>PRB</ObjectType>
        <FieldName>
            <N i="1">rmUID</N>
            <N i="2">nermUID</N>
            <N i="3">phyPortrmUID</N>
            <N i="4">phyPortParentCardrmUID</N>
            <N i="5">logPortParentCardrmUID</N>
        </FieldName>
        <FieldValue>
            <Object rmUID="3201PTCS1PRT094F0B0A262145">
                <V i="1">3201PTCS1PRT094F0B0A262145</V>
                <V i="2">3201PTCS1NEL094F0B0A</V>
                <V i="3">3201PTCS1PRT094F0B0A16908296</V>
                <V i="4">3201PTCS1CRD094F0B0A1</V>
                <V i="5">3201PTCS1CRD094F0B0A</V>
            </Object>
            <Object rmUID="3201PTCS1PRT094F0B0A262145">
                <V i="1">3201PTCS1PRT094F0B0A262145</V>
                <V i="2">3201PTCS1NEL094F0B0A</V>
                <V i="3">3201PTCS1PRT094F0B0A16908295</V>
                <V i="4">3201PTCS1CRD094F0B0A1</V>
                <V i="5">3201PTCS1CRD094F0B0A</V>
            </Object>
            <Object rmUID="3201PTCS1PRT0A4F0B0A262145">
                <V i="1">3201PTCS1PRT0A4F0B0A262145</V>
                <V i="2">3201PTCS1NEL0A4F0B0A</V>
                <V i="3">3201PTCS1PRT0A4F0B0A50462725</V>
                <V i="4">3201PTCS1CRD0A4F0B0A3</V>
                <V i="5">3201PTCS1CRD0A4F0B0A</V>
            </Object>
            <Object rmUID="3201PTCS1PRT0A4F0B0A262145">
                <V i="1">3201PTCS1PRT0A4F0B0A262145</V>
                <V i="2">3201PTCS1NEL0A4F0B0A</V>
                <V i="3">3201PTCS1PRT0A4F0B0A50462726</V>
                <V i="4">3201PTCS1CRD0A4F0B0A3</V>
                <V i="5">3201PTCS1CRD0A4F0B0A</V>
            </Object>
            <Object rmUID="3201PTCS1PRT014F0B0A262145">
                <V i="1">3201PTCS1PRT014F0B0A262145</V>
                <V i="2">3201PTCS1NEL014F0B0A</V>
                <V i="3">3201PTCS1PRT014F0B0A131075</V>
                <V i="4">3201PTCS1CRD014F0B0A</V>
                <V i="5">3201PTCS1CRD014F0B0A</V>
            </Object>
            <Object rmUID="3201PTCS1PRT014F0B0A262145">
                <V i="1">3201PTCS1PRT014F0B0A262145</V>
                <V i="2">3201PTCS1NEL014F0B0A</V>
                <V i="3">3201PTCS1PRT014F0B0A131076</V>
                <V i="4">3201PTCS1CRD014F0B0A</V>
                <V i="5">3201PTCS1CRD014F0B0A</V>
            </Object>
        </FieldValue>
    </Objects>
</DataFile>
