<?xml version="1.0" encoding="utf-8" standalone="yes"?>
<DataFile>
    <FileHeader>
        <TimeStamp>2017-09-12T17:54:05.011+08:00</TimeStamp>
        <TimeZone>UTC+8</TimeZone>
        <VendorName>PT</VendorName>
        <ElementType>PTN</ElementType>
        <CmVersion>V1.0.0</CmVersion>
    </FileHeader>
    <Objects>
        <ObjectType>TPB</ObjectType>
        <FieldName>
            <N i="1">rmUID</N>
            <N i="2">tunnelrmUID</N>
            <N i="3">role</N>
        </FieldName>
        <FieldValue>
            <Object rmUID="3201PTCS1TPI19">
                <V i="1">3201PTCS1TPI19</V>
                <V i="2">3201PTCS1TNL19</V>
                <V i="3">Master</V>
            </Object>
            <Object rmUID="3201PTCS1TPI19">
                <V i="1">3201PTCS1TPI19</V>
                <V i="2">3201PTCS1TNL19P</V>
                <V i="3">Backup</V>
            </Object>
            <Object rmUID="3201PTCS1TPI22">
                <V i="1">3201PTCS1TPI22</V>
                <V i="2">3201PTCS1TNL22</V>
                <V i="3">Master</V>
            </Object>
            <Object rmUID="3201PTCS1TPI22">
                <V i="1">3201PTCS1TPI22</V>
                <V i="2">3201PTCS1TNL22P</V>
                <V i="3">Backup</V>
            </Object>
            <Object rmUID="3201PTCS1TPI23">
                <V i="1">3201PTCS1TPI23</V>
                <V i="2">3201PTCS1TNL23</V>
                <V i="3">Master</V>
            </Object>
            <Object rmUID="3201PTCS1TPI23">
                <V i="1">3201PTCS1TPI23</V>
                <V i="2">3201PTCS1TNL23P</V>
                <V i="3">Backup</V>
            </Object>
        </FieldValue>
    </Objects>
</DataFile>
